Source,Target,Type,Weight
79323P,79323W,Undirected,128
21232,22064,Undirected,203
22349,22350,Undirected,116
21754,21755,Undirected,591
21755,84879,Undirected,168
21181,21755,Undirected,111
21755,21756,Undirected,168
21754,84879,Undirected,254
21181,21754,Undirected,129
21754,21756,Undirected,237
22296,84879,Undirected,110
22295,84879,Undirected,109
22295,22296,Undirected,166
21181,82582,Undirected,142
21987,21989,Undirected,160
20971,22271,Undirected,124
20971,22274,Undirected,104
22271,22272,Undirected,117
22271,22274,Undirected,224
22272,22274,Undirected,110
22111,22112,Undirected,377
84032A,84032B,Undirected,145
22138,22139,Undirected,344
22138,POST,Undirected,105
22139,POST,Undirected,112
22352,POST,Undirected,160
85014A,85014B,Undirected,278
21731,POST,Undirected,247
22111,84029E,Undirected,204
21955,85123A,Undirected,119
22111,85123A,Undirected,211
22296,85123A,Undirected,206
21790,85123A,Undirected,127
21428,21430,Undirected,127
21790,21888,Undirected,132
21035,21041,Undirected,100
21733,85123A,Undirected,805
22178,85123A,Undirected,250
22086,85123A,Undirected,137
22112,85123A,Undirected,206
22294,85123A,Undirected,170
22083,85123A,Undirected,118
22114,85123A,Undirected,152
21485,85123A,Undirected,192
21928,85123A,Undirected,107
21929,85123A,Undirected,117
85099B,85123A,Undirected,360
22356,85123A,Undirected,124
20724,85123A,Undirected,174
20725,85123A,Undirected,300
20728,85123A,Undirected,194
20726,85123A,Undirected,145
21217,85123A,Undirected,106
85066,85123A,Undirected,204
22086,22112,Undirected,106
22083,22086,Undirected,170
22086,85099B,Undirected,105
22111,22114,Undirected,271
21485,22111,Undirected,376
22111,85099B,Undirected,121
22112,22114,Undirected,489
21485,22112,Undirected,277
22112,85099B,Undirected,124
21485,22114,Undirected,196
21928,21929,Undirected,425
21928,85099B,Undirected,533
20725,21928,Undirected,187
20728,21928,Undirected,103
21929,85099B,Undirected,493
20724,21929,Undirected,102
20725,21929,Undirected,170
20728,21929,Undirected,108
22356,85099B,Undirected,227
20724,85099B,Undirected,353
20725,85099B,Undirected,611
20728,85099B,Undirected,325
20726,85099B,Undirected,244
21217,85099B,Undirected,102
20724,22356,Undirected,499
20725,22356,Undirected,230
20728,22356,Undirected,169
20726,22356,Undirected,128
20724,20725,Undirected,322
20724,20728,Undirected,207
20724,20726,Undirected,162
20725,20728,Undirected,638
20725,20726,Undirected,573
20726,20728,Undirected,471
22087,22090,Undirected,122
22083,22090,Undirected,197
21977,84991,Undirected,482
21977,22138,Undirected,118
22273,22274,Undirected,228
21668,21669,Undirected,286
21668,21670,Undirected,234
21668,21671,Undirected,243
21668,21672,Undirected,237
21668,21673,Undirected,200
21669,21670,Undirected,247
21669,21671,Undirected,238
21669,21672,Undirected,211
21669,21673,Undirected,206
21670,21671,Undirected,235
21670,21672,Undirected,210
21670,21673,Undirected,232
21671,21672,Undirected,237
21671,21673,Undirected,176
21672,21673,Undirected,227
21181,21232,Undirected,114
21232,82494L,Undirected,102
21212,21232,Undirected,179
21232,84991,Undirected,190
21232,37450,Undirected,109
21181,85150,Undirected,254
82486,82494L,Undirected,392
82483,82494L,Undirected,359
82483,82486,Undirected,493
21212,84991,Undirected,608
48185,85123A,Undirected,116
84879,85123A,Undirected,496
21733,84879,Undirected,131
21481,22114,Undirected,115
20967,20970,Undirected,100
20970,20972,Undirected,105
20971,20972,Undirected,399
84997C,84997D,Undirected,438
22300,22301,Undirected,254
48185,85099B,Undirected,133
22139,85099B,Undirected,138
22138,85099B,Undirected,107
21791,21912,Undirected,107
21790,21912,Undirected,150
20972,85123A,Undirected,128
21931,85123A,Undirected,169
20971,85123A,Undirected,103
21790,21791,Undirected,395
20711,21931,Undirected,272
84997A,84997B,Undirected,275
20675,21244,Undirected,175
84946,85123A,Undirected,202
84949,85123A,Undirected,119
21181,85123A,Undirected,303
82483,85123A,Undirected,324
85123A,85152,Undirected,227
84946,84949,Undirected,135
21181,21908,Undirected,149
21908,85152,Undirected,211
21181,85152,Undirected,343
21181,22114,Undirected,102
21523,48187,Undirected,177
21523,21754,Undirected,104
22080,22082,Undirected,125
21754,84836,Undirected,104
21181,82600,Undirected,255
22077,85049E,Undirected,147
22077,85123A,Undirected,156
20718,85123A,Undirected,107
84836,85123A,Undirected,310
21527,85123A,Undirected,106
21533,85123A,Undirected,145
20914,85123A,Undirected,235
21535,85123A,Undirected,144
15056BL,85123A,Undirected,120
15056N,85123A,Undirected,112
21527,21539,Undirected,125
21533,21539,Undirected,171
21531,21539,Undirected,167
21535,21539,Undirected,181
21527,21533,Undirected,168
21527,21531,Undirected,156
21527,21535,Undirected,200
21527,21844,Undirected,113
21527,22073,Undirected,102
21527,22072,Undirected,124
21531,21533,Undirected,187
20914,21533,Undirected,113
21533,21535,Undirected,319
21533,21844,Undirected,107
21533,22073,Undirected,100
21531,21535,Undirected,305
21531,21844,Undirected,104
20676,21238,Undirected,236
20676,21242,Undirected,205
20914,21535,Undirected,139
21238,21242,Undirected,253
21238,POST,Undirected,108
21535,21844,Undirected,126
21535,22073,Undirected,101
15056BL,15056N,Undirected,345
21122,21124,Undirected,308
22029,22037,Undirected,153
21429,21431,Undirected,107
71477,85123A,Undirected,175
82486,85123A,Undirected,338
21034,85123A,Undirected,269
85049C,85049D,Undirected,121
21980,21985,Undirected,114
21212,22083,Undirected,115
21212,22077,Undirected,124
22070,22071,Undirected,106
22077,85049C,Undirected,133
84836,84970S,Undirected,136
22086,84879,Undirected,102
22139,84879,Undirected,137
20685,84879,Undirected,104
20685,48184,Undirected,187
20914,22139,Undirected,117
20914,22197,Undirected,114
22272,22273,Undirected,110
21231,21232,Undirected,639
21232,48185,Undirected,107
21232,47591D,Undirected,106
22169,82494L,Undirected,103
48185,48194,Undirected,198
48188,48194,Undirected,157
48129,48194,Undirected,141
21484,22111,Undirected,150
21484,21485,Undirected,168
21212,47591D,Undirected,113
22195,22196,Undirected,186
20725,22138,Undirected,100
21930,85099B,Undirected,375
21930,85099C,Undirected,253
20724,21930,Undirected,104
20727,21930,Undirected,221
20726,21930,Undirected,119
20725,21930,Undirected,187
85099B,85099C,Undirected,670
20719,85099B,Undirected,178
20727,85099B,Undirected,340
22356,85099C,Undirected,105
20724,85099C,Undirected,138
20727,85099C,Undirected,178
20726,85099C,Undirected,107
20725,85099C,Undirected,241
20719,22356,Undirected,304
20719,20724,Undirected,406
20719,20727,Undirected,144
20719,20726,Undirected,177
20719,20725,Undirected,177
20727,22356,Undirected,180
20724,20727,Undirected,212
20726,20727,Undirected,443
20725,20727,Undirected,716
22271,22273,Undirected,250
22147,22271,Undirected,126
22147,22273,Undirected,112
22079,22080,Undirected,126
22147,22150,Undirected,217
22147,22274,Undirected,100
21086,21094,Undirected,402
21558,21559,Undirected,195
21559,22352,Undirected,251
21558,22352,Undirected,139
22302,22303,Undirected,221
21900,21901,Undirected,233
21901,21902,Undirected,177
21900,21902,Undirected,156
84997A,84997D,Undirected,254
84997A,84997C,Undirected,234
84997B,84997D,Undirected,356
84997B,84997C,Undirected,387
21479,22111,Undirected,132
21731,85099B,Undirected,130
20719,21731,Undirected,110
22352,22353,Undirected,102
22352,85099B,Undirected,117
20685,21212,Undirected,130
20685,85099B,Undirected,219
21210,21212,Undirected,295
21212,85099B,Undirected,261
21212,POST,Undirected,152
20712,85099B,Undirected,429
20711,85099B,Undirected,337
85099B,POST,Undirected,122
20712,20719,Undirected,161
20719,POST,Undirected,197
20711,20712,Undirected,194
20712,POST,Undirected,128
84879,84946,Undirected,210
20978,20979,Undirected,112
22111,22113,Undirected,182
47566,85099B,Undirected,173
21156,47591D,Undirected,162
21908,85150,Undirected,106
21976,84992,Undirected,102
22296,22297,Undirected,173
22294,22295,Undirected,155
21888,21912,Undirected,140
84509A,84510A,Undirected,103
21175,85150,Undirected,196
21175,21232,Undirected,100
47591D,84991,Undirected,146
85049A,85049E,Undirected,134
21385,85123A,Undirected,128
22151,85123A,Undirected,100
21929,85099F,Undirected,325
21928,85099F,Undirected,330
85099F,85123A,Undirected,164
22113,85123A,Undirected,143
21216,21218,Undirected,163
21243,21244,Undirected,172
21240,21244,Undirected,198
21238,21244,Undirected,147
21239,21244,Undirected,148
20677,21244,Undirected,133
21240,21243,Undirected,163
21238,21243,Undirected,135
21239,21243,Undirected,183
20677,21243,Undirected,174
20675,21243,Undirected,133
21499,21500,Undirected,198
21498,21500,Undirected,169
21498,21499,Undirected,203
21217,21218,Undirected,110
21238,21240,Undirected,267
21239,21240,Undirected,295
20677,21240,Undirected,169
20675,21240,Undirected,207
21238,21239,Undirected,251
20677,21238,Undirected,155
20675,21238,Undirected,172
20677,21239,Undirected,197
20675,21239,Undirected,168
20675,20677,Undirected,235
21231,84991,Undirected,106
21213,21975,Undirected,245
21975,21977,Undirected,312
21212,21975,Undirected,381
21975,84991,Undirected,352
21213,21977,Undirected,226
21212,21213,Undirected,365
21213,84991,Undirected,251
21212,21977,Undirected,583
21733,21755,Undirected,116
22295,85123A,Undirected,187
21755,85123A,Undirected,365
21756,85123A,Undirected,117
20685,85123A,Undirected,221
48194,85123A,Undirected,193
20685,48194,Undirected,253
20685,48173C,Undirected,141
20685,48116,Undirected,102
48173C,48194,Undirected,109
21181,22112,Undirected,138
22112,22113,Undirected,166
20675,20676,Undirected,237
21931,85099C,Undirected,425
21929,21931,Undirected,336
20726,21931,Undirected,173
20725,21931,Undirected,334
21929,85099C,Undirected,257
21232,37448,Undirected,144
21232,22055,Undirected,157
20725,21232,Undirected,157
21231,22064,Undirected,138
20725,82482,Undirected,120
21121,21122,Undirected,244
21121,21124,Undirected,210
22189,82482,Undirected,115
82482,85099B,Undirected,142
20982,20983,Undirected,156
85099B,85099F,Undirected,725
18098c,DOT,Undirected,110
22086,22144,Undirected,108
22149,22273,Undirected,129
21328,21329,Undirected,109
22055,DOT,Undirected,108
21931,DOT,Undirected,131
20712,20713,Undirected,249
20713,21931,Undirected,326
20711,20713,Undirected,162
20713,85099B,Undirected,408
20712,21931,Undirected,319
21931,85099B,Undirected,761
21232,21527,Undirected,100
84378,84380,Undirected,258
22112,84029G,Undirected,165
22111,84029G,Undirected,142
48111,48188,Undirected,153
20723,20724,Undirected,410
20712,20724,Undirected,125
20724,21232,Undirected,109
20724,21212,Undirected,175
20718,20724,Undirected,162
20723,85099B,Undirected,200
21080,85099B,Undirected,221
84991,85099B,Undirected,157
21232,85099B,Undirected,182
20718,85099B,Undirected,272
20725,21156,Undirected,112
20723,20725,Undirected,202
20712,20725,Undirected,154
20725,21080,Undirected,172
20725,84991,Undirected,165
20725,84992,Undirected,103
20725,21212,Undirected,282
20718,20725,Undirected,192
21156,21212,Undirected,102
20719,20723,Undirected,254
20723,85123A,Undirected,114
20723,20727,Undirected,156
20723,20726,Undirected,128
21080,85123A,Undirected,157
21231,85123A,Undirected,182
84991,85123A,Undirected,195
22138,85123A,Undirected,154
21232,85123A,Undirected,325
20727,85123A,Undirected,214
84029E,85123A,Undirected,156
84992,85123A,Undirected,136
21212,85123A,Undirected,225
20712,20727,Undirected,100
20712,20726,Undirected,160
21212,84380,Undirected,105
21080,84991,Undirected,171
21080,21232,Undirected,103
21080,84992,Undirected,107
21080,21212,Undirected,337
20727,84991,Undirected,107
84991,84992,Undirected,353
21212,22138,Undirected,182
20727,21232,Undirected,116
20727,21212,Undirected,142
20718,20727,Undirected,104
20726,21212,Undirected,110
21479,84029E,Undirected,119
21212,84992,Undirected,373
20718,21212,Undirected,122
21481,22111,Undirected,146
21481,21484,Undirected,110
22113,22114,Undirected,117
21479,22114,Undirected,100
20685,48185,Undirected,149
20685,85099C,Undirected,103
21621,85099B,Undirected,103
22189,82494L,Undirected,119
82482,82494L,Undirected,759
20723,22356,Undirected,308
20685,21524,Undirected,189
20685,21955,Undirected,113
20685,48187,Undirected,225
20685,48188,Undirected,127
21524,21955,Undirected,101
21524,48184,Undirected,143
21524,48187,Undirected,241
21524,85123A,Undirected,160
48184,48187,Undirected,207
48184,85123A,Undirected,133
48187,48188,Undirected,139
48187,85123A,Undirected,217
21621,85123A,Undirected,175
82580,82583,Undirected,120
82583,85123A,Undirected,133
82551,82583,Undirected,105
82578,82580,Undirected,245
82580,82581,Undirected,355
82580,85123A,Undirected,145
82578,82581,Undirected,206
82581,85123A,Undirected,104
22173,85123A,Undirected,171
84406B,85123A,Undirected,190
21136,84879,Undirected,417
20713,85099F,Undirected,231
21931,85099F,Undirected,399
21212,21931,Undirected,132
21212,85099F,Undirected,115
21212,21535,Undirected,134
21212,22139,Undirected,133
21136,85123A,Undirected,143
15056BL,20679,Undirected,312
15056N,20679,Undirected,247
22191,22193,Undirected,196
22192,22193,Undirected,198
22191,22192,Undirected,208
21411,85123A,Undirected,119
22297,85123A,Undirected,156
21975,84992,Undirected,252
21977,84992,Undirected,294
20676,84997B,Undirected,124
21238,21241,Undirected,126
21238,84997B,Undirected,121
21212,84997B,Undirected,106
20914,22138,Undirected,121
21086,21212,Undirected,139
21094,21212,Undirected,148
21539,21843,Undirected,127
21535,21843,Undirected,164
21527,21843,Undirected,163
21218,21843,Undirected,108
21217,21843,Undirected,154
21212,21843,Undirected,242
20914,21843,Undirected,167
21843,21977,Undirected,115
21843,84991,Undirected,115
21212,21217,Undirected,131
20914,21212,Undirected,241
21212,84987,Undirected,128
20914,21977,Undirected,109
20914,84991,Undirected,135
21977,84987,Undirected,106
84987,84991,Undirected,220
84970S,85123A,Undirected,256
22178,84970S,Undirected,110
20679,85123A,Undirected,106
22079,22082,Undirected,143
84946,84947,Undirected,177
21733,82483,Undirected,112
21733,21754,Undirected,114
21080,21843,Undirected,121
21843,85123A,Undirected,175
71459,84879,Undirected,104
71459,85123A,Undirected,142
22138,84879,Undirected,122
20685,21754,Undirected,100
22139,85123A,Undirected,206
21754,85123A,Undirected,416
82582,85123A,Undirected,111
21080,84520B,Undirected,159
48184,48194,Undirected,147
21212,84879,Undirected,167
84970L,85123A,Undirected,180
22212,85123A,Undirected,111
20754,20914,Undirected,103
20914,21080,Undirected,163
21080,21210,Undirected,172
21210,21843,Undirected,100
21790,21889,Undirected,223
22355,85099C,Undirected,102
21930,21931,Undirected,358
21931,22355,Undirected,253
21931,22356,Undirected,162
21930,22355,Undirected,104
21212,22348,Undirected,103
22355,22356,Undirected,352
22355,85099B,Undirected,225
84879,85099B,Undirected,159
21535,85099B,Undirected,100
22197,85123A,Undirected,157
21212,22197,Undirected,140
22197,85099B,Undirected,201
21931,22197,Undirected,137
20674,21238,Undirected,123
20674,20677,Undirected,149
20674,20675,Undirected,175
21791,21888,Undirected,108
22114,84029E,Undirected,195
21485,84029E,Undirected,210
22112,84029E,Undirected,183
21463,21464,Undirected,127
21240,84997C,Undirected,104
20675,84997C,Undirected,102
22142,22144,Undirected,181
20981,20982,Undirected,121
20981,20983,Undirected,110
21033,21931,Undirected,120
21242,21243,Undirected,158
21242,21245,Undirected,127
21242,21244,Undirected,170
21243,21245,Undirected,103
21244,21245,Undirected,111
21094,22333,Undirected,124
21086,22333,Undirected,110
20974,20975,Undirected,205
21166,21175,Undirected,400
84029E,84029G,Undirected,206
22114,84029G,Undirected,134
22175,22176,Undirected,117
21754,82486,Undirected,128
21754,82494L,Undirected,182
21754,82482,Undirected,156
21755,82486,Undirected,124
82482,82486,Undirected,360
21755,82494L,Undirected,168
21755,82482,Undirected,145
22294,84879,Undirected,121
22219,85123A,Undirected,145
22219,84879,Undirected,110
20725,47591D,Undirected,106
21507,21508,Undirected,123
21976,84991,Undirected,141
21621,21622,Undirected,110
21034,82494L,Undirected,104
21212,21976,Undirected,204
21976,21977,Undirected,176
20728,21931,Undirected,233
22082,85123A,Undirected,101
22147,85123A,Undirected,137
21429,85123A,Undirected,100
20972,22147,Undirected,213
21754,22120,Undirected,136
21523,21955,Undirected,134
20727,85099F,Undirected,166
20723,85099F,Undirected,166
21930,85099F,Undirected,233
22083,22084,Undirected,136
20725,20914,Undirected,239
20914,22348,Undirected,105
20914,21232,Undirected,165
82600,85150,Undirected,167
82582,82600,Undirected,133
20725,22197,Undirected,123
22197,22198,Undirected,236
21232,22197,Undirected,112
20971,22147,Undirected,176
48129,48187,Undirected,106
21035,21154,Undirected,113
21035,85099B,Undirected,112
21754,85099B,Undirected,107
21034,21754,Undirected,111
82482,82483,Undirected,350
22173,82482,Undirected,102
82482,84406B,Undirected,145
82482,85123A,Undirected,470
22173,82494L,Undirected,118
82494L,84406B,Undirected,143
82494L,85123A,Undirected,497
71053,85123A,Undirected,143
82483,84406B,Undirected,116
82486,84406B,Undirected,124
20725,21933,Undirected,102
21479,84029G,Undirected,102
20969,20970,Undirected,198
20712,21930,Undirected,183
20713,21930,Undirected,173
21485,84029G,Undirected,108
21479,22112,Undirected,120
21165,21166,Undirected,191
22294,22297,Undirected,128
22294,22296,Undirected,100
20724,POST,Undirected,161
20749,20750,Undirected,198
20750,POST,Undirected,167
22178,84879,Undirected,218
22149,22271,Undirected,122
22078,22082,Undirected,104
22149,85123A,Undirected,137
20914,21210,Undirected,117
21080,21213,Undirected,111
21080,21989,Undirected,151
21210,84987,Undirected,136
21210,84991,Undirected,130
20971,22273,Undirected,133
21213,21989,Undirected,108
21213,84992,Undirected,191
21232,22059,Undirected,129
22059,37448,Undirected,129
22178,84755,Undirected,156
84755,84879,Undirected,148
20685,48111,Undirected,136
84970L,84970S,Undirected,353
84879,84970S,Undirected,126
84836,84970L,Undirected,106
21135,84879,Undirected,104
84836,84879,Undirected,194
72351A,72351B,Undirected,166
20727,21929,Undirected,120
20727,21928,Undirected,122
84997D,85099B,Undirected,129
84997C,85099B,Undirected,101
84997B,85099B,Undirected,123
20914,85099B,Undirected,211
20727,84879,Undirected,103
20725,84879,Undirected,140
20727,84997D,Undirected,111
20728,84997D,Undirected,113
20725,84997D,Undirected,140
21239,84997D,Undirected,103
20725,84997C,Undirected,112
20725,84997B,Undirected,131
21239,84997B,Undirected,100
20727,20728,Undirected,496
20727,20914,Undirected,128
20727,21213,Undirected,143
20728,20914,Undirected,121
20728,21212,Undirected,126
20725,21213,Undirected,120
21239,21241,Undirected,108
20676,21244,Undirected,121
20676,21243,Undirected,102
20676,21239,Undirected,142
21754,22178,Undirected,102
20713,21928,Undirected,186
21928,21931,Undirected,344
20718,21931,Undirected,131
20713,21929,Undirected,145
48111,48187,Undirected,105
20685,21523,Undirected,149
21523,48194,Undirected,141
21523,48184,Undirected,119
48187,48194,Undirected,228
21175,21181,Undirected,408
21175,21908,Undirected,192
21932,21933,Undirected,200
20685,48129,Undirected,117
21232,22061,Undirected,108
21165,82583,Undirected,122
21165,82600,Undirected,156
21165,21175,Undirected,194
21165,85152,Undirected,176
21165,21181,Undirected,177
82583,82600,Undirected,146
21175,82583,Undirected,180
82583,85152,Undirected,187
21181,82583,Undirected,171
21175,82600,Undirected,254
82600,85152,Undirected,264
21175,85152,Undirected,362
21977,85099B,Undirected,143
21080,22090,Undirected,168
22088,22090,Undirected,135
21985,85123A,Undirected,102
21870,21874,Undirected,141
21871,21877,Undirected,115
21790,22138,Undirected,123
21891,21892,Undirected,150
21790,21891,Undirected,114
21790,21892,Undirected,115
82599,85152,Undirected,101
82582,85152,Undirected,183
85150,85152,Undirected,199
21175,82582,Undirected,159
21917,21918,Undirected,102
21791,21889,Undirected,144
21165,85123A,Undirected,112
21165,21908,Undirected,117
15056BL,85014B,Undirected,141
15056BL,85014A,Undirected,126
15056BL,15056P,Undirected,147
20679,85014B,Undirected,128
20679,85014A,Undirected,105
15056P,20679,Undirected,126
15056N,85014B,Undirected,137
15056N,85014A,Undirected,126
15056N,15056P,Undirected,174
21175,85123A,Undirected,244
22055,22061,Undirected,105
21507,21509,Undirected,157
82494L,84879,Undirected,173
82482,84879,Undirected,159
22170,82494L,Undirected,107
22169,22170,Undirected,169
84596B,84596F,Undirected,169
21080,21535,Undirected,107
21868,85123A,Undirected,112
21181,21733,Undirected,114
21733,82494L,Undirected,136
20711,85099F,Undirected,197
21034,84879,Undirected,135
20711,85099C,Undirected,205
48185,48187,Undirected,162
48187,85099B,Undirected,112
21622,85123A,Undirected,118
82552,85123A,Undirected,109
21174,85123A,Undirected,132
20971,22150,Undirected,102
21080,21931,Undirected,105
20728,22355,Undirected,167
20728,21930,Undirected,142
21210,84988,Undirected,117
22355,85123A,Undirected,127
72741,85123A,Undirected,130
21481,84029E,Undirected,105
21506,22030,Undirected,106
21931,21935,Undirected,104
21559,22353,Undirected,118
21559,21561,Undirected,189
22189,85123A,Undirected,334
21899,21901,Undirected,194
21899,21902,Undirected,155
21899,21900,Undirected,236
21238,21245,Undirected,112
82583,85150,Undirected,140
20972,22150,Undirected,135
20972,22271,Undirected,146
20972,22273,Undirected,141
20972,22149,Undirected,201
20725,22139,Undirected,125
20725,21932,Undirected,114
84378,84991,Undirected,101
21790,22139,Undirected,116
20726,21559,Undirected,120
20713,20724,Undirected,103
20713,20725,Undirected,160
20713,20728,Undirected,105
20713,20726,Undirected,102
20724,21931,Undirected,201
21174,21181,Undirected,176
21166,21181,Undirected,359
21181,21870,Undirected,134
21166,21174,Undirected,140
21174,21175,Undirected,170
84378,85123A,Undirected,112
82600,85123A,Undirected,161
84378,84992,Undirected,112
20685,20725,Undirected,128
21390,85123A,Undirected,146
21523,48185,Undirected,105
21523,85123A,Undirected,156
21242,84997B,Undirected,101
20727,21559,Undirected,124
20725,21559,Undirected,162
22352,85123A,Undirected,104
21166,85123A,Undirected,193
47591D,85123A,Undirected,106
20727,21558,Undirected,113
20725,22352,Undirected,177
21754,85152,Undirected,100
21166,85152,Undirected,327
21929,21930,Undirected,187
20727,21931,Undirected,235
20723,22355,Undirected,298
20724,22197,Undirected,104
20724,22355,Undirected,423
20727,22197,Undirected,107
20725,22355,Undirected,229
20727,22355,Undirected,189
21974,84987,Undirected,135
21974,84991,Undirected,102
20725,21975,Undirected,100
20725,21977,Undirected,119
21210,21974,Undirected,134
21210,21977,Undirected,135
21212,21974,Undirected,123
21974,21977,Undirected,194
21175,85099B,Undirected,123
21181,85099B,Undirected,159
20914,21931,Undirected,108
20914,85099F,Undirected,109
20718,85099F,Undirected,118
20725,85099F,Undirected,236
21212,84378,Undirected,124
21165,85150,Undirected,114
85099C,85099F,Undirected,381
21165,21174,Undirected,114
20676,21240,Undirected,152
20972,85099B,Undirected,112
20712,21928,Undirected,161
20712,21929,Undirected,174
21213,21976,Undirected,103
21975,21976,Undirected,146
20712,85099F,Undirected,185
21484,22112,Undirected,100
20713,85099C,Undirected,241
21621,47566,Undirected,153
47566,47566B,Undirected,245
47566,82482,Undirected,127
84029G,85123A,Undirected,101
21524,48111,Undirected,103
21232,21535,Undirected,119
21137,22041,Undirected,151
21524,48194,Undirected,163
84978,85123A,Undirected,197
84755,85123A,Undirected,205
84970S,84978,Undirected,135
84755,84970S,Undirected,114
21485,22113,Undirected,156
21507,22029,Undirected,133
22189,84879,Undirected,125
22141,22144,Undirected,177
22178,84946,Undirected,178
21733,82486,Undirected,103
21733,82482,Undirected,131
20717,20718,Undirected,191
21232,21843,Undirected,122
48187,84879,Undirected,123
22332,22333,Undirected,119
21559,POST,Undirected,143
21121,21212,Undirected,145
20725,47566,Undirected,133
21934,21935,Undirected,116
21181,82580,Undirected,113
21533,21843,Undirected,155
21212,22090,Undirected,165
21240,21242,Undirected,155
21080,21086,Undirected,335
21080,21094,Undirected,372
21166,82583,Undirected,162
21166,85150,Undirected,175
82551,82552,Undirected,185
21755,85066,Undirected,102
20728,85099C,Undirected,147
20677,84997D,Undirected,100
20674,21245,Undirected,117
20674,20676,Undirected,184
20676,20677,Undirected,209
22147,22149,Undirected,293
20971,22149,Undirected,152
21977,84879,Undirected,115
84879,84991,Undirected,113
20717,85099B,Undirected,120
20712,85099C,Undirected,185
20717,85099F,Undirected,106
21987,21988,Undirected,185
21988,21989,Undirected,174
21094,21988,Undirected,105
21870,85123A,Undirected,124
82580,85152,Undirected,103
21175,82580,Undirected,100
21174,82600,Undirected,121
21908,82600,Undirected,121
21174,21908,Undirected,105
21174,85152,Undirected,178
21080,22333,Undirected,126
21165,82582,Undirected,115
21908,82583,Undirected,100
21080,47566,Undirected,109
21212,47566,Undirected,135
20972,21232,Undirected,102
21314,85123A,Undirected,115
21080,POST,Undirected,120
48194,85099B,Undirected,146
84755,85099B,Undirected,121
20971,21232,Undirected,100
21843,22072,Undirected,105
82486,84879,Undirected,129
21928,85099C,Undirected,301
21928,21930,Undirected,181
85099C,85123A,Undirected,161
22178,82482,Undirected,118
22178,82494L,Undirected,117
22149,22150,Undirected,225
22171,85123A,Undirected,102
21523,21524,Undirected,134
21232,47559B,Undirected,104
21559,85099B,Undirected,112
20711,20725,Undirected,114
20723,21931,Undirected,130
20724,85099F,Undirected,154
21212,21533,Undirected,101
21086,22090,Undirected,122
85123A,85150,Undirected,140
20725,POST,Undirected,121
48111,48194,Undirected,172
21506,22029,Undirected,117
20719,22355,Undirected,340
20719,21931,Undirected,139
21033,85099B,Undirected,120
21122,21212,Undirected,113
21508,22029,Undirected,130
21508,21509,Undirected,159
21509,22029,Undirected,155
20725,21155,Undirected,108
21080,21977,Undirected,159
22149,22274,Undirected,110
21509,22027,Undirected,116
21508,22027,Undirected,111
21507,22027,Undirected,119
22027,22037,Undirected,114
22027,22029,Undirected,210
21843,85099B,Undirected,120
22029,22045,Undirected,124
20726,85099F,Undirected,145
21843,21844,Undirected,102
84839,85123A,Undirected,102
48184,48185,Undirected,100
48111,48185,Undirected,117
21524,48185,Undirected,145
21094,22090,Undirected,138
21078,21080,Undirected,187
48111,48129,Undirected,123
20711,21929,Undirected,166
20711,21928,Undirected,172
21164,21175,Undirected,102
20726,22355,Undirected,149
20674,21240,Undirected,117
21790,84077,Undirected,101
21240,21241,Undirected,120
21240,21245,Undirected,107
21715,21716,Undirected,136
21561,22352,Undirected,104
21086,POST,Undirected,107
21094,POST,Undirected,101
20723,20728,Undirected,152
20972,22274,Undirected,107
21977,85123A,Undirected,126
82486,85066,Undirected,123
22355,85099F,Undirected,105
21531,21843,Undirected,122
21314,84879,Undirected,101
21931,21936,Undirected,111
20711,21930,Undirected,151
22356,85099F,Undirected,123
21715,21718,Undirected,121
21716,21718,Undirected,124
84879,84978,Undirected,113
22178,84978,Undirected,129
20726,22352,Undirected,110
20725,22090,Undirected,112
20719,20728,Undirected,136
21078,84520B,Undirected,118
21754,85066,Undirected,101
47566,85123A,Undirected,314
71459,84755,Undirected,156
22090,47566,Undirected,165
22188,85123A,Undirected,125
22158,85123A,Undirected,105
22188,22189,Undirected,199
20725,21843,Undirected,109
20677,84997B,Undirected,100
20726,21936,Undirected,109
21936,85099B,Undirected,202
20726,POST,Undirected,138
21080,21121,Undirected,101
21239,21242,Undirected,142
22090,85099B,Undirected,130
20674,21242,Undirected,102
20675,21242,Undirected,133
20677,21242,Undirected,120
21936,21937,Undirected,194
22365,48138,Undirected,108
21523,48138,Undirected,172
48138,48173C,Undirected,110
21955,48138,Undirected,132
48138,48184,Undirected,157
22366,48138,Undirected,110
20718,85099C,Undirected,103
47566,84755,Undirected,111
22178,47566,Undirected,122
22197,47566,Undirected,105
48138,48194,Undirected,232
48138,48185,Undirected,157
48138,85099B,Undirected,174
48138,85123A,Undirected,255
48138,48187,Undirected,194
22357,22358,Undirected,107
47566,47590B,Undirected,176
48129,48138,Undirected,108
48111,48138,Undirected,125
22326,22328,Undirected,357
22326,85099B,Undirected,111
21731,22326,Undirected,141
21524,48138,Undirected,201
48138,84879,Undirected,117
20685,48138,Undirected,317
22327,22328,Undirected,115
20712,22326,Undirected,102
47590A,47590B,Undirected,328
47599A,47599B,Undirected,138
47566,47590A,Undirected,138
47566,82494L,Undirected,103
48138,48188,Undirected,119
84970L,84978,Undirected,123
47566,84879,Undirected,213
21621,48138,Undirected,106
21390,22294,Undirected,101
22089,22090,Undirected,158
22021,85206A,Undirected,103
22326,POST,Undirected,356
22328,POST,Undirected,224
20728,21936,Undirected,112
20725,21936,Undirected,231
21937,85099B,Undirected,106
21156,22367,Undirected,237
22326,22352,Undirected,114
22328,22352,Undirected,116
21559,22326,Undirected,126
21559,22328,Undirected,112
22326,22327,Undirected,135
22367,47591D,Undirected,253
20725,21937,Undirected,113
21080,22197,Undirected,121
22138,22367,Undirected,102
20725,22367,Undirected,106
20727,22327,Undirected,116
20726,22328,Undirected,134
20726,22326,Undirected,197
20725,22328,Undirected,158
20725,22326,Undirected,155
20728,22326,Undirected,115
20724,22326,Undirected,112
20719,22326,Undirected,146
20727,22326,Undirected,108
21977,47566,Undirected,105
47566,84991,Undirected,103
21754,48138,Undirected,103
85049C,85049G,Undirected,115
20727,22383,Undirected,576
20726,22383,Undirected,452
20725,22383,Undirected,693
20728,22384,Undirected,566
20728,22382,Undirected,454
20728,22383,Undirected,565
20725,22384,Undirected,714
22382,22384,Undirected,494
20727,22384,Undirected,575
20914,22384,Undirected,119
22384,85099C,Undirected,164
22383,22384,Undirected,558
20725,22382,Undirected,603
20727,22382,Undirected,510
20914,22382,Undirected,123
22382,85099C,Undirected,117
22382,22383,Undirected,617
20914,22383,Undirected,142
22383,85099C,Undirected,191
21754,47566,Undirected,108
22379,22382,Undirected,152
22382,85099B,Undirected,275
22382,85123A,Undirected,182
22381,22382,Undirected,110
22380,22382,Undirected,138
22379,22383,Undirected,159
22383,85099B,Undirected,371
22383,85123A,Undirected,225
22381,22383,Undirected,115
20727,22379,Undirected,117
22379,85099B,Undirected,347
22379,85123A,Undirected,106
22379,22381,Undirected,362
22379,22380,Undirected,224
22381,85099B,Undirected,235
22380,85099B,Undirected,114
22380,22381,Undirected,238
22326,22382,Undirected,143
21212,22382,Undirected,112
22382,84997D,Undirected,111
20723,22382,Undirected,137
22356,22382,Undirected,150
20724,22382,Undirected,184
22326,22383,Undirected,140
21212,22383,Undirected,146
20723,22383,Undirected,154
22356,22383,Undirected,159
20724,22383,Undirected,215
21931,22381,Undirected,129
20725,22381,Undirected,123
22382,84879,Undirected,109
22328,22382,Undirected,135
21931,22379,Undirected,182
21931,22382,Undirected,205
22355,22382,Undirected,160
20728,22379,Undirected,117
20725,22379,Undirected,195
21930,22382,Undirected,113
22367,22383,Undirected,100
22367,22382,Undirected,161
22377,22379,Undirected,105
20726,22384,Undirected,416
21559,22384,Undirected,136
22384,47591D,Undirected,102
22384,84997D,Undirected,112
22384,84991,Undirected,110
21212,22384,Undirected,129
20726,22382,Undirected,473
21559,22382,Undirected,125
20719,22382,Undirected,133
22381,85099F,Undirected,103
21559,22383,Undirected,135
21931,22383,Undirected,407
21929,22383,Undirected,135
21928,22383,Undirected,154
22355,22383,Undirected,248
21928,22382,Undirected,100
20713,22383,Undirected,141
20718,22383,Undirected,100
21931,22384,Undirected,248
22384,85099F,Undirected,209
22384,85099B,Undirected,366
22381,22384,Undirected,148
20718,22384,Undirected,120
20724,22384,Undirected,208
20723,22384,Undirected,149
22356,22384,Undirected,190
22355,22384,Undirected,166
21936,22384,Undirected,147
21929,22384,Undirected,131
20711,22379,Undirected,105
20711,22383,Undirected,102
22379,22384,Undirected,130
22328,22383,Undirected,134
22326,22384,Undirected,117
22328,22384,Undirected,109
20728,85099F,Undirected,159
21166,82582,Undirected,110
21907,85123A,Undirected,101
21169,21175,Undirected,163
21175,21907,Undirected,177
21169,82600,Undirected,100
21165,21169,Undirected,113
21169,21181,Undirected,175
21166,21169,Undirected,177
21169,85152,Undirected,133
21907,21908,Undirected,105
21166,21908,Undirected,167
21907,82600,Undirected,126
21166,82600,Undirected,209
21165,21907,Undirected,109
21181,21907,Undirected,127
21166,21907,Undirected,145
21907,85152,Undirected,176
22379,22385,Undirected,117
22385,22386,Undirected,375
22386,47566,Undirected,115
22379,22386,Undirected,230
22381,22386,Undirected,226
20713,22411,Undirected,226
21931,22411,Undirected,507
22379,22411,Undirected,169
22197,22411,Undirected,133
21181,22413,Undirected,165
21175,22413,Undirected,202
21908,22413,Undirected,103
22413,85150,Undirected,104
22383,22386,Undirected,287
22382,22386,Undirected,206
22386,22411,Undirected,507
20725,22386,Undirected,332
20726,22386,Undirected,177
21931,22386,Undirected,539
22355,22386,Undirected,150
22383,22411,Undirected,248
22383,47566,Undirected,125
22382,22411,Undirected,161
22381,22411,Undirected,129
22411,47566,Undirected,102
20725,22411,Undirected,263
20726,22411,Undirected,124
22355,22411,Undirected,117
21977,22411,Undirected,106
21907,22413,Undirected,142
20719,22383,Undirected,144
22384,22411,Undirected,193
22384,22385,Undirected,166
22384,22386,Undirected,370
21928,22384,Undirected,134
22385,22411,Undirected,275
21929,22411,Undirected,378
21928,22411,Undirected,397
22411,85099C,Undirected,393
21931,22385,Undirected,343
21929,22385,Undirected,187
21928,22385,Undirected,189
22385,85099C,Undirected,203
21929,22386,Undirected,372
21928,22386,Undirected,394
22386,85099C,Undirected,437
22197,22386,Undirected,121
22411,85099B,Undirected,688
22386,85099B,Undirected,914
22411,85123A,Undirected,156
21212,22411,Undirected,111
22386,85123A,Undirected,175
21212,22386,Undirected,121
22384,85123A,Undirected,222
20727,22411,Undirected,165
22197,22383,Undirected,120
20727,22386,Undirected,240
20712,22383,Undirected,122
21930,22411,Undirected,246
21166,22413,Undirected,179
22352,22383,Undirected,105
21975,22417,Undirected,209
21213,22417,Undirected,161
20712,22379,Undirected,122
22379,85099F,Undirected,119
20712,22386,Undirected,311
20712,22411,Undirected,245
21930,22386,Undirected,340
22386,85099F,Undirected,490
22382,85099F,Undirected,139
22411,85099F,Undirected,323
22084,22499,Undirected,109
20685,22386,Undirected,113
22417,84992,Undirected,133
21977,22417,Undirected,190
22382,22385,Undirected,217
22383,22385,Undirected,176
21930,22383,Undirected,173
20713,22385,Undirected,182
21930,22385,Undirected,196
20713,22386,Undirected,265
20713,22384,Undirected,107
21930,22384,Undirected,167
20711,22411,Undirected,230
20711,22386,Undirected,271
21169,22413,Undirected,106
22413,85152,Undirected,164
22413,85123A,Undirected,113
20724,22385,Undirected,109
20712,22385,Undirected,193
22385,85099B,Undirected,417
21165,22413,Undirected,101
20718,22411,Undirected,115
21212,22417,Undirected,247
22417,84991,Undirected,207
22356,22386,Undirected,196
22385,85099F,Undirected,217
20711,22385,Undirected,171
21174,21907,Undirected,138
21174,22413,Undirected,102
22413,82600,Undirected,118
22386,48138,Undirected,100
20724,22379,Undirected,107
20723,22386,Undirected,125
20724,22386,Undirected,204
20728,22386,Undirected,226
20718,22386,Undirected,144
22383,85099F,Undirected,184
20728,22385,Undirected,136
21080,22411,Undirected,116
21080,22386,Undirected,131
21937,22383,Undirected,101
21976,22417,Undirected,112
20719,22384,Undirected,118
20719,22386,Undirected,119
20725,22385,Undirected,190
20726,22385,Undirected,120
21937,22384,Undirected,107
22371,22374,Undirected,120
22383,84991,Undirected,111
21936,22382,Undirected,122
21936,22386,Undirected,112
20728,22411,Undirected,165
20724,22411,Undirected,135
22356,22411,Undirected,105
21936,22383,Undirected,152
20727,21936,Undirected,109
20712,22384,Undirected,100
22432,22433,Undirected,144
20727,22385,Undirected,135
22431,22432,Undirected,189
22431,22433,Undirected,173
22457,85123A,Undirected,329
21932,21936,Undirected,105
22464,22465,Undirected,132
22480,22482,Undirected,101
85099B,DOT,Undirected,125
22457,22488,Undirected,164
22456,22457,Undirected,182
22456,22488,Undirected,111
22464,85123A,Undirected,185
21790,21914,Undirected,111
21889,21914,Undirected,102
22465,85123A,Undirected,102
22457,47566,Undirected,116
22178,22457,Undirected,113
22457,84879,Undirected,172
22487,85123A,Undirected,115
22457,84978,Undirected,108
22457,84836,Undirected,118
22568,22569,Undirected,300
22569,22570,Undirected,339
22568,22570,Undirected,307
22147,22568,Undirected,113
22147,22569,Undirected,126
22147,22570,Undirected,120
22149,22568,Undirected,107
22149,22569,Undirected,118
22149,22570,Undirected,109
20971,22568,Undirected,106
20969,22568,Undirected,116
22584,22585,Undirected,135
22582,22584,Undirected,105
20972,22569,Undirected,121
21755,22457,Undirected,103
22585,84879,Undirected,156
22457,84970S,Undirected,106
22488,85123A,Undirected,102
22507,85123A,Undirected,100
22505,22507,Undirected,106
22631,22659,Undirected,121
22138,22617,Undirected,413
22508,85123A,Undirected,107
22423,22457,Undirected,159
22423,84991,Undirected,170
21977,22423,Undirected,210
21212,22423,Undirected,247
22139,22617,Undirected,146
15056N,22423,Undirected,102
22423,48138,Undirected,159
22423,84879,Undirected,319
21232,22423,Undirected,185
22423,85123A,Undirected,350
21754,22423,Undirected,187
21231,22423,Undirected,135
22423,85099F,Undirected,109
22386,22423,Undirected,135
22382,22423,Undirected,110
22383,22423,Undirected,139
22384,22423,Undirected,111
22423,48194,Undirected,118
21535,22423,Undirected,108
21843,22423,Undirected,302
21166,22423,Undirected,107
21539,22423,Undirected,100
21914,21915,Undirected,285
20685,22423,Undirected,137
21523,22423,Undirected,106
22411,22423,Undirected,151
22423,22585,Undirected,111
22457,84946,Undirected,107
22077,85049G,Undirected,151
22077,22423,Undirected,160
21524,22423,Undirected,112
21034,22423,Undirected,103
22090,22423,Undirected,120
20972,22568,Undirected,121
21931,22423,Undirected,130
22423,85099B,Undirected,227
22197,22423,Undirected,134
21621,22423,Undirected,101
22423,84755,Undirected,103
22139,22423,Undirected,161
21755,22423,Undirected,136
21080,22423,Undirected,122
21217,22423,Undirected,104
20728,22423,Undirected,107
22138,22423,Undirected,154
20725,22423,Undirected,182
22423,47566,Undirected,258
22178,22423,Undirected,163
22423,82486,Undirected,119
22423,48187,Undirected,136
21314,22423,Undirected,112
20914,22423,Undirected,127
22077,84879,Undirected,140
22457,85099B,Undirected,118
22423,POST,Undirected,184
21889,21915,Undirected,115
22423,84946,Undirected,136
21181,22423,Undirected,114
21175,22423,Undirected,112
22383,84879,Undirected,100
22563,22564,Undirected,121
22562,22563,Undirected,175
22555,22556,Undirected,269
22551,22556,Undirected,312
22518,22519,Undirected,109
22520,22522,Undirected,153
22522,22523,Undirected,146
22521,22522,Undirected,129
22520,22523,Undirected,134
22520,22521,Undirected,168
22520,22524,Undirected,109
22521,22523,Undirected,146
22521,22524,Undirected,102
22521,22525,Undirected,106
22524,22525,Undirected,138
21912,22550,Undirected,100
21791,21915,Undirected,111
22551,22555,Undirected,215
22555,22557,Undirected,173
22553,22555,Undirected,110
22551,22557,Undirected,218
22551,22553,Undirected,198
22553,22557,Undirected,181
22560,22561,Undirected,113
22556,22557,Undirected,165
22554,22557,Undirected,191
22553,22556,Undirected,162
22553,22554,Undirected,200
22551,22554,Undirected,313
22554,22556,Undirected,283
22554,22555,Undirected,195
20727,22553,Undirected,116
22326,22554,Undirected,133
22326,22551,Undirected,101
22382,22551,Undirected,129
22423,71459,Undirected,110
22530,22534,Undirected,130
21790,22548,Undirected,106
21790,22561,Undirected,103
22326,22556,Undirected,113
22423,DOT,Undirected,110
21791,22549,Undirected,116
21790,22549,Undirected,116
22554,POST,Undirected,201
22551,POST,Undirected,163
22556,POST,Undirected,208
22555,POST,Undirected,103
22606,22607,Undirected,132
22605,22606,Undirected,133
22605,22607,Undirected,197
82484,82494L,Undirected,214
82484,82486,Undirected,178
82483,82484,Undirected,148
82482,82484,Undirected,200
82484,85123A,Undirected,251
21790,21915,Undirected,124
21754,82484,Undirected,108
22423,82484,Undirected,132
22423,82482,Undirected,159
21155,22558,Undirected,103
82484,84879,Undirected,129
22423,82494L,Undirected,159
20914,22558,Undirected,107
20725,22558,Undirected,107
22558,85123A,Undirected,115
21212,22558,Undirected,107
22469,22470,Undirected,651
22423,22469,Undirected,129
22469,82494L,Undirected,129
22189,22470,Undirected,106
22470,82494L,Undirected,149
22470,85123A,Undirected,445
22469,85123A,Undirected,393
21754,22470,Undirected,165
22296,22470,Undirected,112
21754,22469,Undirected,140
22178,22469,Undirected,107
22469,84879,Undirected,166
22469,82482,Undirected,129
22469,82484,Undirected,107
21755,22469,Undirected,145
22470,84879,Undirected,180
22470,85099B,Undirected,114
22469,85099B,Undirected,130
22423,22470,Undirected,138
21755,22470,Undirected,151
22086,22423,Undirected,100
22470,82482,Undirected,132
22470,82484,Undirected,119
21034,22470,Undirected,129
22469,47566,Undirected,117
21034,22469,Undirected,105
20725,22469,Undirected,119
22383,22469,Undirected,104
20725,22470,Undirected,114
22625,22627,Undirected,176
22423,22624,Undirected,141
22624,22627,Undirected,250
22624,22625,Undirected,322
22624,22626,Undirected,125
22625,22626,Undirected,107
22423,22625,Undirected,120
22624,85123A,Undirected,128
22411,DOT,Undirected,126
22470,84836,Undirected,135
22489,22491,Undirected,155
22489,22560,Undirected,113
22489,22561,Undirected,111
22622,22623,Undirected,142
22469,84836,Undirected,133
21733,22470,Undirected,167
21733,22469,Undirected,129
22427,85123A,Undirected,101
22645,22646,Undirected,194
22644,22645,Undirected,132
22644,22646,Undirected,165
21232,22649,Undirected,151
22427,22429,Undirected,108
22424,22427,Undirected,106
22424,22429,Undirected,107
21231,22649,Undirected,108
21232,22644,Undirected,112
21232,22646,Undirected,200
21231,22645,Undirected,113
21232,22645,Undirected,129
21231,22646,Undirected,132
21891,22620,Undirected,116
21790,22620,Undirected,103
22634,22635,Undirected,204
21892,22620,Undirected,125
22501,22502,Undirected,183
20712,DOT,Undirected,112
22386,DOT,Undirected,129
20711,DOT,Undirected,115
22029,22712,Undirected,103
22457,22469,Undirected,183
22457,22470,Undirected,184
22383,22629,Undirected,114
22382,22629,Undirected,194
22326,22629,Undirected,142
22630,22631,Undirected,149
20725,22630,Undirected,121
22630,22659,Undirected,181
22629,22659,Undirected,202
20725,22629,Undirected,143
22382,22630,Undirected,134
22328,22629,Undirected,119
22629,22630,Undirected,467
20726,22630,Undirected,105
20726,22629,Undirected,124
22326,22630,Undirected,110
22423,22630,Undirected,110
22630,POST,Undirected,108
22629,22631,Undirected,179
22629,85099B,Undirected,112
22629,POST,Undirected,169
22616,22659,Undirected,120
22666,22667,Undirected,201
22423,22629,Undirected,122
22665,22666,Undirected,140
22665,22667,Undirected,101
22666,85123A,Undirected,120
22551,22629,Undirected,142
22668,22669,Undirected,116
22423,22666,Undirected,161
22457,82482,Undirected,107
22600,22602,Undirected,115
22600,22603,Undirected,111
22593,22595,Undirected,154
22573,22574,Undirected,131
22578,22579,Undirected,224
22577,22579,Undirected,193
22577,22578,Undirected,307
22577,22595,Undirected,108
22594,22595,Undirected,148
22593,22594,Undirected,140
22384,22662,Undirected,203
22661,22662,Undirected,100
22662,22663,Undirected,112
22630,22662,Undirected,112
22629,22662,Undirected,106
20724,22661,Undirected,184
21928,22663,Undirected,110
22385,22663,Undirected,146
22411,22663,Undirected,128
22386,22663,Undirected,152
21929,22663,Undirected,104
22382,22662,Undirected,312
20726,22662,Undirected,198
20725,22662,Undirected,271
20723,22661,Undirected,135
20727,22662,Undirected,226
22355,22661,Undirected,168
22356,22661,Undirected,140
20719,22661,Undirected,140
22383,22662,Undirected,261
20728,22662,Undirected,225
22652,22654,Undirected,100
22662,85099B,Undirected,129
22663,85099B,Undirected,176
22571,22572,Undirected,106
21931,22663,Undirected,154
22469,22694,Undirected,154
22470,22694,Undirected,245
22694,85123A,Undirected,124
22754,22755,Undirected,118
22753,22754,Undirected,103
22698,22699,Undirected,485
22697,22699,Undirected,611
22697,22698,Undirected,520
22423,22699,Undirected,466
22677,22680,Undirected,103
22676,22680,Undirected,105
22677,22678,Undirected,106
22677,22679,Undirected,102
22676,22677,Undirected,120
22676,22678,Undirected,105
22676,22679,Undirected,100
22699,84879,Undirected,107
22423,22698,Undirected,338
22423,22697,Undirected,417
22699,85123A,Undirected,101
22273,22749,Undirected,104
22749,22750,Undirected,268
22749,22751,Undirected,188
22750,22751,Undirected,188
20972,22749,Undirected,125
22750,22940,Undirected,101
20972,22750,Undirected,105
22111,22865,Undirected,137
22111,22866,Undirected,185
22865,22866,Undirected,355
22866,22867,Undirected,297
22865,22867,Undirected,343
22834,22867,Undirected,113
22111,22835,Undirected,172
21485,22835,Undirected,134
22114,22835,Undirected,258
22114,22866,Undirected,106
22113,22835,Undirected,114
22834,22865,Undirected,121
22834,22866,Undirected,120
22749,22940,Undirected,106
22112,22835,Undirected,374
22111,22867,Undirected,106
22112,22865,Undirected,135
22112,22866,Undirected,135
22737,22739,Undirected,131
22736,22738,Undirected,101
22734,22909,Undirected,137
22734,22910,Undirected,149
22086,22734,Undirected,111
22086,22910,Undirected,489
21212,22952,Undirected,108
22909,22910,Undirected,214
22950,22952,Undirected,152
22909,22952,Undirected,270
22910,22952,Undirected,240
22909,22950,Undirected,123
22910,22950,Undirected,113
22734,22952,Undirected,144
22738,22910,Undirected,107
22809,22810,Undirected,133
21977,22951,Undirected,111
22086,22865,Undirected,118
22086,22952,Undirected,165
22086,22909,Undirected,172
21212,22951,Undirected,111
22804,85123A,Undirected,276
21733,22804,Undirected,179
22727,22729,Undirected,266
22726,22727,Undirected,544
22726,22729,Undirected,241
22423,22726,Undirected,107
22423,22727,Undirected,136
22114,22865,Undirected,113
22726,22730,Undirected,284
22727,22730,Undirected,326
22728,22729,Undirected,172
22729,22730,Undirected,151
22725,22729,Undirected,120
22727,22728,Undirected,363
22726,22728,Undirected,312
22728,22730,Undirected,220
22725,22728,Undirected,157
22725,22727,Undirected,230
22725,22726,Undirected,200
22725,22730,Undirected,148
22726,84879,Undirected,105
22745,22748,Undirected,305
22746,22748,Undirected,253
22746,22747,Undirected,170
22745,22746,Undirected,242
22747,22748,Undirected,173
22745,22747,Undirected,166
22659,22900,Undirected,125
22727,84879,Undirected,110
22367,22899,Undirected,118
22633,22867,Undirected,181
22112,22633,Undirected,104
22632,22866,Undirected,228
22632,22867,Undirected,184
22632,22633,Undirected,234
22633,22865,Undirected,240
22632,22865,Undirected,242
22633,22866,Undirected,210
22767,22768,Undirected,111
22766,85123A,Undirected,108
22840,22841,Undirected,116
22846,22847,Undirected,114
22840,22842,Undirected,107
22771,22772,Undirected,105
22844,22845,Undirected,149
22941,22942,Undirected,106
22141,22142,Undirected,132
22917,22921,Undirected,105
22917,22920,Undirected,123
22916,22917,Undirected,125
22917,22918,Undirected,120
22920,22921,Undirected,103
22916,22921,Undirected,106
22918,22921,Undirected,106
22916,22920,Undirected,120
22918,22920,Undirected,121
22916,22918,Undirected,120
22917,22919,Undirected,121
22919,22921,Undirected,105
22919,22920,Undirected,121
22918,22919,Undirected,118
22916,22919,Undirected,117
22666,22961,Undirected,108
22962,22963,Undirected,119
22960,22961,Undirected,237
22423,22960,Undirected,119
22423,22961,Undirected,118
22666,22960,Undirected,124
22720,22722,Undirected,222
22722,22960,Undirected,115
22720,22961,Undirected,132
22720,22960,Undirected,169
22720,85123A,Undirected,118
22666,22720,Undirected,169
22423,22720,Undirected,150
22624,22720,Undirected,104
22720,47566,Undirected,110
22960,22993,Undirected,121
22720,22993,Undirected,110
22996,22998,Undirected,113
23254,23256,Undirected,156
23204,23205,Undirected,112
23201,23207,Undirected,166
21931,23201,Undirected,143
20725,23201,Undirected,102
23199,23201,Undirected,220
23201,23206,Undirected,115
20728,23207,Undirected,154
20725,23207,Undirected,160
23206,23207,Undirected,206
20728,23199,Undirected,102
20728,23206,Undirected,193
21931,23199,Undirected,181
23199,85099C,Undirected,121
20725,23199,Undirected,124
20725,23206,Undirected,265
23199,23206,Undirected,203
23199,23204,Undirected,114
23204,23206,Undirected,129
23207,23208,Undirected,161
22383,23206,Undirected,247
23206,23208,Undirected,219
21929,23201,Undirected,101
23201,85099B,Undirected,218
23201,85099F,Undirected,110
21929,23199,Undirected,108
23199,85099F,Undirected,104
23199,85099B,Undirected,293
23208,85099B,Undirected,109
23206,85099B,Undirected,149
23199,23208,Undirected,126
22383,23199,Undirected,111
22382,23207,Undirected,152
22382,23208,Undirected,141
22382,23206,Undirected,204
22383,23207,Undirected,155
22383,23208,Undirected,160
20725,23208,Undirected,173
20727,23207,Undirected,145
22662,23207,Undirected,100
20726,23207,Undirected,119
22384,23207,Undirected,141
20724,23205,Undirected,100
20727,23206,Undirected,202
22662,23206,Undirected,127
20724,23204,Undirected,147
20719,23204,Undirected,112
20723,23204,Undirected,105
22355,23204,Undirected,124
20726,23206,Undirected,206
22384,23206,Undirected,192
22411,23201,Undirected,124
22386,23201,Undirected,151
22384,23208,Undirected,127
20727,23208,Undirected,154
20728,23208,Undirected,127
22384,23199,Undirected,104
20727,23199,Undirected,103
22411,23199,Undirected,155
22386,23199,Undirected,195
20712,23199,Undirected,115
20726,23208,Undirected,116
22385,23199,Undirected,109
23298,47566,Undirected,290
23298,85123A,Undirected,100
23298,84879,Undirected,118
22383,23209,Undirected,223
20728,23209,Undirected,187
22662,23209,Undirected,118
20727,23209,Undirected,221
22384,23209,Undirected,202
23199,23200,Undirected,216
23203,23209,Undirected,316
23199,23209,Undirected,133
23200,23209,Undirected,105
23201,23209,Undirected,120
23207,23209,Undirected,174
23199,23203,Undirected,230
23200,23203,Undirected,186
23201,23203,Undirected,230
23203,23207,Undirected,113
23200,23201,Undirected,113
23199,23202,Undirected,205
23200,23202,Undirected,170
23200,23206,Undirected,100
23202,23208,Undirected,147
23202,23206,Undirected,109
23209,23298,Undirected,111
20726,23209,Undirected,159
21929,23203,Undirected,120
21929,23202,Undirected,107
23203,85099C,Undirected,126
23202,85099C,Undirected,110
23201,23202,Undirected,195
21931,23203,Undirected,162
21931,23202,Undirected,133
22386,23203,Undirected,193
22386,23202,Undirected,143
23202,23203,Undirected,322
23203,85099B,Undirected,358
23202,85099B,Undirected,257
22411,23203,Undirected,179
22411,23202,Undirected,143
20725,23209,Undirected,285
20725,23202,Undirected,110
20725,23203,Undirected,172
23209,85099B,Undirected,166
23202,23209,Undirected,169
23208,23209,Undirected,230
23203,23208,Undirected,142
22384,23203,Undirected,119
20728,23203,Undirected,110
22383,23203,Undirected,127
23203,23298,Undirected,126
23200,85099B,Undirected,143
20727,23203,Undirected,134
22382,23203,Undirected,109
23203,23206,Undirected,151
23206,23209,Undirected,250
23202,85099F,Undirected,113
22382,23209,Undirected,194
22386,23209,Undirected,101
22385,23203,Undirected,100
23203,85099F,Undirected,116
23174,23175,Undirected,166
23173,23175,Undirected,161
23170,23175,Undirected,106
23173,23174,Undirected,158
23171,23174,Undirected,103
23170,23174,Undirected,113
23170,23173,Undirected,124
23171,23172,Undirected,159
23170,23172,Undirected,154
23170,23171,Undirected,179
22699,23175,Undirected,105
22699,23174,Undirected,112
22698,23173,Undirected,101
22697,23173,Undirected,118
22699,23173,Undirected,151
22697,23171,Undirected,103
22699,23171,Undirected,108
22699,23170,Undirected,137
22423,23170,Undirected,112
22423,23173,Undirected,146
22423,23175,Undirected,108
22423,23174,Undirected,113
21928,23203,Undirected,126
23084,POST,Undirected,108
23300,23301,Undirected,304
22423,23245,Undirected,174
22469,23321,Undirected,127
22720,23245,Undirected,126
22720,23243,Undirected,154
22470,23322,Undirected,126
23321,23322,Undirected,189
23322,85123A,Undirected,103
23321,85123A,Undirected,100
23343,23344,Undirected,167
23203,23344,Undirected,130
22086,23344,Undirected,125
23344,85099B,Undirected,121
23318,23319,Undirected,119
23294,23296,Undirected,123
23293,23296,Undirected,156
23295,23296,Undirected,138
23293,23294,Undirected,146
23294,23295,Undirected,139
23293,23295,Undirected,182
22086,23319,Undirected,113
22112,23355,Undirected,183
22114,23355,Undirected,171
22835,23355,Undirected,141
22111,23355,Undirected,132
23355,23356,Undirected,143
22865,23439,Undirected,118
22866,23439,Undirected,109
