Id,Label,TotalQuantity,TotalRevenue,InvoiceCount,Degree,WeightedDegree
85123A,WHITE HANGING HEART T-LIGHT HOLDER,96147,263109.67,5365,730,57967
85099B,JUMBO BAG RED WHITE SPOTTY ,98349,183454.83,3989,468,40733
22423,REGENCY CAKESTAND 3 TIER,27577,344563.25,3918,560,37131
20725,LUNCH BAG RED SPOTTY,40942,72292.85,3056,394,31924
21212,PACK OF 72 RETRO SPOT CAKE CASES,96560,52997.200000000004,3118,381,26966
84879,ASSORTED COLOUR BIRD ORNAMENT,81809,132187.91999999998,2807,416,25549
22383,LUNCHBAG SUKI  DESIGN ,25461,43932.56,2398,265,21184
22386,JUMBO BAG PINK WITH WHITE SPOTS,39840,77111.91,2245,255,21158
21931,JUMBO STORAGE BAG SUKI,29503,62285.28,2329,252,20346
20727,LUNCH BAG  BLACK SKULL.,27126,46422.49,2351,265,20239
22382,LUNCHBAG SPACEBOY DESIGN ,20458,34436.39,2153,265,19822
22384,LUNCHBAG PINK RETROSPOT,21037,34506.659999999996,2106,242,19089
22411,JUMBO SHOPPER VINTAGE RED PAISLEY,27732,58275.45,2192,252,18400
47566,PARTY BUNTING,28378,149187.05000000002,2674,304,17596
21232,STRAWBERRY CERAMIC TRINKET BOX,38981,50760.48,2435,275,17498
20728,LUNCH BAG CARS BLUE,24892,42784.74,2067,227,17322
20914,SET/5 RED SPOTTY LID GLASS BOWLS,18979,53415.310000000005,2030,276,15989
21080,SET/20 RED SPOTTY PAPER NAPKINS ,31823,26031.969999999998,2123,248,15548
84991,60 TEATIME FAIRY CAKE CASES,54716,27404.22,2127,242,15438
22197,"POPCORN HOLDER , SMALL ",89898,80920.64,2322,289,15358
21754,HOME BUILDING BLOCK WORD,7847,48079.69,2066,261,15328
82482,WOODEN PICTURE FRAME WHITE FINISH,17198,42546.58,2006,244,15317
82494L,WOODEN FRAME ANTIQUE WHITE ,15645,44796.9,1973,239,14721
22139,RETRO SPOT TEA SET CERAMIC 11 PC ,10675,53214.310000000005,2093,280,14574
20726,LUNCH BAG WOODLAND,22341,38949.729999999996,1926,192,14540
22470,HEART OF WICKER LARGE,18551,55898.87,1952,242,14296
22469,HEART OF WICKER SMALL,29037,51127.759999999995,2151,245,14234
POST,POSTAGE,5461,127597.42,1851,226,13876
21977,PACK OF 60 PINK PAISLEY CAKE CASES,56794,28490.98,1993,227,13665
22086,PAPER CHAIN KIT 50'S CHRISTMAS ,36581,123141.54000000001,2018,256,13583
21181,PLEASE ONE PERSON  METAL SIGN,25117,51005.82000000001,1810,214,13461
20724,RED SPOTTY CHARLOTTE BAG,32487,35595.63,2035,179,13455
85099C,JUMBO  BAG BAROQUE BLACK WHITE,31249,60292.32,1868,165,12879
85099F,JUMBO BAG STRAWBERRY,37124,68488.81,1830,158,12876
22138,BAKING SET 9 PIECE RETROSPOT ,9383,45966.16,1914,237,12838
21034,REX CASH+CARRY JUMBO SHOPPER,4240,4028.0,1902,264,12673
22457,NATURAL SLATE HEART CHALKBOARD ,15771,48671.05,2046,217,11568
20685,RED SPOTTY COIR DOORMAT,9974,67859.56,1725,193,11414
48138,DOOR MAT UNION FLAG,10175,67757.63,1664,181,10986
21175,GIN + TONIC DIET METAL SIGN,20905,44391.43,1659,164,10849
21755,LOVE BUILDING BLOCK WORD,5774,35641.990000000005,1696,180,10588
21843,RETRO SPOT CAKE STAND,6290,66620.2,1527,181,10287
21733,RED HANGING HEART T-LIGHT HOLDER,17999,51556.97,1760,177,10224
21790,VINTAGE SNAP CARDS,27942,24095.6,1888,178,9621
22112,CHOCOLATE HOT WATER BOTTLE,11556,60763.12,1721,146,9457
21928,JUMBO BAG SCANDINAVIAN PAISLEY,24780,47095.72,1542,114,9413
85152,HAND OVER THE CHOCOLATE   SIGN ,16645,32064.760000000002,1460,139,9367
22355,"CHARLOTTE BAG , SUKI DESIGN",32692,46633.439999999995,1742,124,9338
21929,JUMBO BAG PINK VINTAGE PAISLEY,25954,50334.1,1619,116,9165
22326,"ROUND SNACK BOXES ,SET4, WOODLAND ",15690,45046.68,1391,149,9028
22111,SCOTTIE DOG HOT WATER BOTTLE,10218,52192.310000000005,1689,146,8970
22090,PAPER BUNTING RETRO SPOTS,16808,50753.100000000006,1703,160,8839
82486,WOOD S/3 CABINET ANT WHITE FINISH,4899,39382.5,1274,149,8808
20712,JUMBO BAG WOODLAND ANIMALS,17957,38029.89,1415,116,8738
22077,6 RIBBONS RUSTIC CHARM,17569,32213.589999999997,1751,175,8670
22356,"CHARLOTTE BAG , PINK/WHITE SPOTS",20237,21252.44,1584,118,8653
21166,COOK WITH WINE METAL SIGN ,20128,38560.16,1425,131,8623
22379,RECYCLING BAG RETROSPOT ,16075,35408.96,1570,134,8617
22178,VICTORIAN GLASS HANGING T-LIGHT,40748,53330.49,1816,158,8515
22629,SPACEBOY LUNCH BOX ,21223,38750.2,1368,140,8310
22385,JUMBO BAG SPACEBOY DESIGN,17227,32749.37,1248,95,8310
23203,JUMBO BAG DOILEY PATTERNS,20503,42067.78,1231,106,8288
20972,PINK CREAM FELT CRAFT TRINKET BOX ,20761,25151.84,1397,146,8257
22910,PAPER CHAIN KIT VINTAGE CHRISTMAS,19597,61721.990000000005,1427,149,8086
21930,JUMBO STORAGE BAG SKULLS,13657,27923.57,1321,102,8037
20719,WOODLAND CHARLOTTE BAG,24945,28287.32,1573,112,8027
23209,LUNCH BAG DOILEY PATTERN ,13189,21450.17,1098,112,7752
21231,SWEETHEART CERAMIC TRINKET BOX,19767,24618.13,1482,133,7682
22666,RECIPE BOX PANTRY YELLOW DESIGN,10951,34489.05,1657,152,7575
22149,FELTCRAFT 6 FLOWER FRIENDS,12922,26855.260000000002,1382,143,7491
48194,DOORMAT HEARTS,7847,49633.29,1349,122,7474
84992,72 SWEETHEART FAIRY CAKE CASES,35438,17585.16,1460,123,7314
22114,HOT WATER BOTTLE TEA AND SYMPATHY,12462,63517.75,1583,117,7274
22727,ALARM CLOCK BAKELIKE RED ,9595,37970.11,1363,116,7103
20723,STRAWBERRY CHARLOTTE BAG,18485,20677.62,1379,95,7032
20713,JUMBO BAG OWLS,21199,41390.09,1314,90,6999
84836,ZINC METAL HEART DECORATION,20251,24805.670000000002,1408,130,6959
21559,STRAWBERRY LUNCHBOX WITH CUTLERY,8341,20683.92,1221,116,6954
48187,DOOR MAT NEW ENGLAND,7425,47265.11,1282,111,6949
82600,NO SINGING METAL SIGN,12908,26212.86,1201,109,6945
22720,SET OF 3 CAKE TINS PANTRY DESIGN ,7493,38158.39,1385,129,6895
21485,RED SPOT HEART HOT WATER BOTTLE,7927,38840.8,1385,116,6880
22630,DOLLY GIRL LUNCH BOX,18363,33980.0,1333,123,6785
84997D,PINK 3 PIECE MINI DOTS CUTLERY SET,10761,40308.03,1085,111,6764
21213,PACK OF 72 SKULL CAKE CASES,40733,21734.850000000002,1481,109,6750
23206,LUNCH BAG APPLE DESIGN,12183,20911.98,1036,92,6735
82483,WOOD 2 DRAWER CABINET WHITE FINISH,5103,30213.89,1123,110,6723
22551,PLASTERS IN TIN SPACEBOY,15779,26485.1,1299,116,6653
22328,"ROUND SNACK BOXES ,SET 4, FRUITS ",14636,40508.26,1159,112,6652
21731,RED TOADSTOOL LED NIGHT LIGHT,29715,49539.689999999995,1537,131,6637
DOT,DOTCOM POSTAGE,1436,322657.48,1415,122,6457
21535,RETRO SPOT SMALL MILK JUG,6811,16926.25,1111,108,6433
21975,PACK OF 60 DINOSAUR CAKE CASES,31575,15381.95,1303,98,6245
22352,LUNCHBOX WITH CUTLERY RETROSPOT ,7191,18115.87,1117,107,6242
82484,WOOD BLACK BOARD ANT WHITE FINISH,11054,62842.02,1176,116,6181
84997B,RED 3 PIECE MINI DOTS CUTLERY SET,9388,34987.06,1019,92,6148
22189,CREAM HEART CARD HOLDER,18363,54598.73,1299,118,6144
20711,JUMBO BAG TOYS ,12838,26186.9,1052,82,6105
22554,PLASTERS IN TIN WOODLAND ANIMALS,13854,23329.359999999997,1275,107,6079
22699,ROSES REGENCY TEACUP AND SAUCER ,13339,39134.89,1424,95,6073
20718,RED SPOTTY SHOPPER BAG,13489,17740.0,1213,100,6064
22556,PLASTERS IN TIN CIRCUS PARADE ,13797,22694.129999999997,1196,106,5995
22865,HAND WARMER OWL DESIGN,15557,33575.51,1212,101,5892
22726,ALARM CLOCK BAKELIKE GREEN,7954,33737.59,1273,95,5865
84946,ANTIQUE SILVER TEA GLASS ETCHED,38064,51329.72,1769,109,5863
84755,COLOUR GLASS T-LIGHT HOLDER HANGING,40839,25475.050000000003,1259,111,5809
22662,LUNCH BAG DOLLY GIRL DESIGN,10069,16421.11,994,83,5720
21936,RED/WHITE SPOT PICNIC BAG,7833,22847.59,1046,95,5712
47591D,PINK FAIRY CAKE CHILD'S APRON,9520,17698.87,1140,108,5613
23199,JUMBO BAG APPLES,14920,30475.65,978,65,5534
84970S,HANGING HEART ZINC T-LIGHT HOLDER,26844,22132.18,1425,99,5520
22367,CHILDS APRON SPACEBOY DESIGN,8170,16094.06,1156,100,5438
84997C,BLUE 3 PIECE MINI DOTS CUTLERY SET,8865,32992.01,951,85,5404
21621,VINTAGE UNION JACK BUNTING,6945,60668.54,1292,108,5363
21524,SPOTTY  HOME SWEET HOME DOORMAT,5342,36667.33,1150,93,5296
23298,SPOTTY BUNTING,8473,43182.83,1146,104,5289
84978,HANGING HEART JAR T-LIGHT HOLDER,21903,28734.82,1425,105,5256
82580,BATHROOM METAL SIGN,13400,7558.360000000001,1336,94,5246
22147,FELTCRAFT BUTTERFLY HEARTS,13175,18425.55,1132,92,5245
22624,IVORY KITCHEN SCALES,3258,28227.77,1219,97,5223
20971,PINK BLUE FELT CRAFT TRINKET BOX,22629,29027.46,1148,90,5193
21210,SET OF 72 RETRO SPOT PAPER  DOILIES,15249,21957.26,1161,96,5189
22381,TOY TIDY PINK RETROSPOT  ,9449,19974.77,1100,76,5035
23202,JUMBO BAG VINTAGE LEAF,10962,21852.81,879,66,5031
21238,RED SPOTTY CUP,9589,8266.53,903,72,5004
20676,RED SPOTTY BOWL,10674,13346.66,966,74,4918
22029,SPACE BOY BIRTHDAY CARD,17895,7405.97,1101,90,4883
48185,DOOR MAT FAIRY CAKE,6862,46104.340000000004,983,82,4827
21523,FANCY FONT HOME SWEET HOME DOORMAT,7050,47225.46,1122,80,4782
21533,RETRO SPOT LARGE MILK JUG,3421,16992.57,954,81,4742
22697,GREEN REGENCY TEACUP AND SAUCER,10112,31534.920000000002,1353,71,4724
22952,72 CAKE CASES VINTAGE CHRISTMAS,33786,19812.43,1144,93,4722
82583,HOT BATHS METAL SIGN,13090,28496.81,1176,78,4682
21791,VINTAGE HEADS AND TAILS CARD GAME ,18585,23993.23,1313,83,4664
85150,LADIES & GENTLEMEN METAL SIGN,8519,20668.23,1110,73,4656
23201,JUMBO BAG ALPHABET,13379,27890.170000000002,906,58,4643
84378,SET OF 3 HEART COOKIE CUTTERS,11784,15596.13,1248,94,4634
22909,SET OF 20 VINTAGE CHRISTMAS NAPKINS,17706,15779.529999999999,1086,93,4588
22558,CLOTHES PEGS RETROSPOT PACK 24 ,14281,20163.07,1202,96,4438
22866,HAND WARMER SCOTTY DOG DESIGN,13772,30426.54,1083,69,4438
84029E,RED WOOLLY HOTTIE WHITE HEART.,11830,47737.380000000005,1145,73,4408
21094,SET/6 RED SPOTTY PAPER PLATES,20161,15723.97,984,72,4351
22083,PAPER CHAIN KIT RETRO SPOT,14008,41379.060000000005,1401,86,4336
22867,HAND WARMER BIRD DESIGN,13453,29541.020000000004,1054,73,4280
22417,PACK OF 60 SPACEBOY CAKE CASES,21641,11258.890000000001,1103,73,4280
21174,POTTERING IN THE SHED METAL SIGN,9813,19864.32,1135,73,4262
22993,SET OF 4 PANTRY JELLY MOULDS,12672,16507.23,1073,91,4247
22960,JAM MAKING SET WITH JARS,9302,39694.56,1159,82,4231
22617,BAKING SET SPACEBOY DESIGN,4389,21162.89,942,87,4213
22961,JAM MAKING SET PRINTED,18086,28242.89,1200,83,4212
21217,RED SPOTTY ROUND CAKE TINS,2961,30483.03,928,82,4208
21086,SET/6 RED SPOTTY PAPER CUPS,16903,10950.150000000001,843,72,4122
21035,SET/2 RED SPOTTY TEA TOWELS ,6091,18988.37,929,84,4114
21915,RED  HARMONICA IN BOX ,38191,44808.8,1025,77,4067
21156,RED SPOTTY CHILDS APRON,9399,17502.96,930,80,4007
21165,BEWARE OF THE CAT METAL SIGN ,9450,15359.8,966,61,3920
23208,LUNCH BAG VINTAGE LEAF DESIGN,6342,10498.01,668,51,3911
23207,LUNCH BAG ALPHABET DESIGN,7851,13360.2,740,56,3866
22659,LUNCHBOX I LOVE LONDON,16869,31203.02,1075,72,3777
21240,BLUE  SPOTTY CUP,7643,6600.87,769,48,3717
84077,WORLD WAR 2 GLIDERS ASSTD DESIGNS,110138,25259.899999999998,1019,85,3661
20750, RED/WHITE DOT MINI CASES,3777,27562.87,909,74,3654
22113,GREY HEART HOT WATER BOTTLE,6059,23172.82,996,64,3627
21239,PINK  SPOTTY CUP,7457,6520.64,751,46,3556
22413,METAL SIGN TAKE IT OR LEAVE IT ,7048,19970.24,881,57,3531
22553,PLASTERS IN TIN SKULLS,8084,13529.259999999998,1090,70,3525
21218,RED SPOTTY BISCUIT TIN,5305,21102.06,897,68,3493
22835,HOT WATER BOTTLE I AM SO POORLY,5566,28659.98,1011,52,3484
15056N,EDWARDIAN PARASOL NATURAL,11370,58427.590000000004,1033,57,3479
15056BL,EDWARDIAN PARASOL BLACK,9646,48101.89,857,59,3476
71459,HANGING JAM JAR T-LIGHT HOLDER,33577,27192.51,1017,68,3423
22585,PACK OF 6 BIRDY GIFT TAGS,18333,22903.920000000002,1084,77,3417
22557,PLASTERS IN TIN VINTAGE PAISLEY ,10620,17834.26,1126,62,3416
21155,RED SPOTTY PEG BAG,6734,16493.11,969,71,3366
22150, 3 STRIPEY MICE FELTCRAFT,7969,14841.4,938,64,3351
21527,RETRO SPOT TRADITIONAL TEAPOT ,3429,25612.27,831,53,3350
21908,CHOCOLATE THIS WAY METAL SIGN,9865,19534.11,974,51,3347
21889,WOODEN BOX OF DOMINOES,13231,17636.32,1123,63,3321
21481,FAWN BLUE HOT WATER BOTTLE,8557,26988.98,1050,66,3320
22633,HAND WARMER UNION JACK,9544,19617.730000000003,858,57,3312
85066,CREAM SWEETHEART MINI CHEST,3148,39428.65,929,65,3277
22555,PLASTERS IN TIN STRONGMAN,11905,19277.969999999998,967,60,3266
82582,AREA PATROLLED METAL SIGN,7637,15461.77,796,57,3243
21498,RED SPOTS  WRAP ,27201,11031.42,802,65,3241
22625,RED KITCHEN SCALES,2743,24045.030000000002,950,63,3233
22663,JUMBO BAG DOLLY GIRL DESIGN,5793,11531.86,688,44,3212
84970L,SINGLE HEART ZINC T-LIGHT HOLDER,17637,17431.989999999998,1080,58,3192
22698,PINK REGENCY TEACUP AND SAUCER,8232,24489.670000000002,1033,41,3175
84406B,CREAM CUPID HEARTS COAT HANGER,7384,23820.8,841,61,3164
22728,ALARM CLOCK BAKELIKE PINK,6374,24907.27,969,50,3156
48184,DOOR MAT ENGLISH ROSE ,4777,31603.65,851,48,3152
20677,PINK SPOTTY BOWL,7907,9959.890000000001,760,41,3144
21907,I'M ON HOLIDAY METAL SIGN,5264,11068.43,771,50,3137
22568,FELTCRAFT CUSHION OWL,5692,21056.5,875,47,3130
22273,FELTCRAFT DOLL MOLLY,7413,20345.77,810,48,3125
23355,HOT WATER BOTTLE KEEP CALM,5841,28842.550000000003,782,56,3107
22561,WOODEN SCHOOL COLOURING SET,11778,19752.089999999997,904,64,3085
82581,TOILET METAL SIGN,8507,4712.05,913,55,3081
47590B,PINK HAPPY BIRTHDAY BUNTING,5778,29587.43,872,57,3068
21172,PARTY METAL SIGN ,7759,11492.22,971,67,3051
20675,BLUE SPOTTY BOWL,6573,8190.41,693,36,3027
84029G,KNITTED UNION FLAG HOT WATER BOTTLE,7343,32054.49,1009,51,3009
23301,GARDENERS KNEELING PAD KEEP CALM ,8825,16357.05,913,61,2992
22271,FELTCRAFT DOLL ROSIE,4966,14218.250000000002,787,46,2989
23344,JUMBO BAG 50'S CHRISTMAS ,10306,23815.75,716,58,2984
22467,GUMBALL COAT RACK,12298,29139.100000000002,1095,70,2972
21242,RED SPOTTY PLATE ,7123,11984.47,657,40,2949
22296,HEART IVORY TRELLIS LARGE,9974,16456.859999999997,833,52,2942
21531,RETRO SPOT SUGAR JAM BOWL,4146,10349.47,776,43,2909
23245,SET OF 3 REGENCY CAKE TINS,6357,31177.95,873,58,2889
22667,RECIPE BOX RETRO SPOT DESIGN,5013,14081.95,848,64,2886
22027,TEA PARTY BIRTHDAY CARD,11459,4877.11,845,53,2876
22173,METAL 4 HOOK HANGER FRENCH CHATEAU,5142,15783.7,997,58,2861
84380,SET OF 3 BUTTERFLY COOKIE CUTTERS,10540,14338.18,1114,54,2859
21914,BLUE HARMONICA IN BOX ,13311,18198.1,963,55,2856
22632,HAND WARMER RED POLKA DOT,11190,22384.870000000003,779,43,2816
21121,SET/10 RED SPOTTY PARTY CANDLES,15678,18979.33,873,51,2798
22661,CHARLOTTE BAG DOLLY GIRL DESIGN,8319,6730.55,631,43,2794
48111,DOOR MAT 3 SMILEY CATS,4309,26544.41,720,47,2791
22380,TOY TIDY SPACEBOY  ,4998,10301.72,688,48,2790
85014B,RED/WHITE DOTS RUFFLED UMBRELLA,6202,31123.93,900,53,2767
22569,FELTCRAFT CUSHION BUTTERFLY,5731,20924.96,784,41,2746
82552,WASHROOM METAL SIGN,7046,9659.57,794,52,2729
22570,FELTCRAFT CUSHION RABBIT,5805,21579.79,807,41,2724
22749,FELTCRAFT PRINCESS CHARLOTTE DOLL,3876,15808.58,685,44,2720
21122,SET/10 PINK SPOTTY PARTY CANDLES,12741,15455.06,807,49,2695
21430,SET/3 RED GINGHAM ROSE STORAGE BOX,4751,18551.7,814,61,2673
23200,JUMBO BAG PEARS,7071,14197.28,595,36,2636
22507,MEMO BOARD RETROSPOT  DESIGN,5694,26626.56,900,59,2622
21479,WHITE SKULL HOT WATER BOTTLE ,6872,34617.93,930,47,2581
23204,CHARLOTTE BAG APPLES DESIGN,7976,7741.94,583,38,2574
21169,YOU'RE CONFUSING ME METAL SIGN ,8941,14426.42,772,41,2561
22694,WICKER STAR ,5136,11576.1,858,53,2541
22502,PICNIC BASKET WICKER SMALL,3869,61510.67,924,55,2527
21539,RETRO SPOTS BUTTER DISH,2784,13853.59,709,39,2503
22294,HEART FILIGREE DOVE  SMALL,17127,21217.02,861,47,2495
21216,"SET 3 RED SPOT TIN TEA,COFFEE,SUGAR",3949,20528.58,802,49,2470
21558,SKULL LUNCHBOX WITH CUTLERY ,4261,10988.52,768,45,2452
21955,UNION JACK GUNS & ROSES  DOORMAT,3943,24024.170000000002,729,41,2449
22577,WOODEN HEART CHRISTMAS SCANDINAVIAN,14165,7283.0199999999995,832,42,2435
22730,ALARM CLOCK BAKELIKE IVORY,3877,15567.79,746,34,2384
21937,STRAWBERRY   PICNIC BAG,4123,12118.51,657,41,2379
22646,CERAMIC STRAWBERRY CAKE MONEY BANK,9309,13232.41,880,45,2370
22578,WOODEN STAR CHRISTMAS SCANDINAVIAN,13429,6534.73,768,42,2349
22456,NATURAL SLATE CHALKBOARD LARGE ,4462,21883.98,835,51,2314
22492,MINI PAINT SET VINTAGE ,45665,29046.190000000002,732,48,2304
21164,HOME SWEET HOME METAL SIGN ,6058,16865.4,721,45,2294
84997A,GREEN 3 PIECE MINI DOTS CUTLERY SET,5265,19704.57,589,35,2277
22652,TRAVEL SEWING KIT,10163,17265.28,830,57,2273
22621,TRADITIONAL KNITTING NANCY,8775,13863.409999999998,875,52,2273
48188,DOOR MAT WELCOME PUPPIES,4892,28798.14,698,37,2266
84987,SET OF 36 TEATIME PAPER DOILIES,8154,11896.699999999999,812,39,2239
22297,HEART IVORY TRELLIS SMALL,13981,18064.1,969,41,2230
22722,SET OF 6 SPICE TINS PANTRY DESIGN,5984,24507.36,835,45,2226
21672,WHITE SPOT RED CERAMIC DRAWER KNOB,11210,14529.81,815,32,2217
21243,PINK  SPOTTY PLATE ,5660,9328.26,503,27,2216
20717,STRAWBERRY SHOPPER BAG,6342,7840.98,757,37,2211
21976,PACK OF 60 MUSHROOM CAKE CASES,14818,7946.030000000001,950,37,2196
21868,POTTING SHED TEA MUG,9255,11408.72,881,53,2190
22274,FELTCRAFT DOLL EMILY,3834,10973.7,656,31,2190
22750,FELTCRAFT PRINCESS LOLA DOLL,3237,12121.47,647,34,2186
22219,LOVEBIRD HANGING DECORATION WHITE ,9934,9427.66,1149,49,2182
23084,RABBIT NIGHT LIGHT,30788,66964.99,994,50,2158
22348,TEA BAG PLATE RED SPOTTY ,12574,10715.13,961,45,2155
22082,RIBBON REEL STRIPES DESIGN ,7535,12682.97,957,41,2154
21870,I CAN ONLY PLEASE ONE PERSON MUG,6398,8025.53,630,44,2136
21244,BLUE  SPOTTY PLATE ,5161,8452.07,445,25,2135
84692,BOX OF 24 COCKTAIL PARASOLS,19467,9530.48,1122,49,2111
22295,HEART FILIGREE DOVE LARGE,8740,14426.649999999998,706,36,2094
47566B,TEA TIME PARTY BUNTING,5838,25987.9,761,43,2089
22055,MINI CAKE STAND  HANGING STRAWBERY,4945,8212.189999999999,724,41,2064
22464,HANGING METAL HEART LANTERN,8012,13277.22,784,43,2059
22734,SET OF 6 RIBBONS VINTAGE CHRISTMAS,9828,27061.58,756,40,2051
21484,CHICK GREY HOT WATER BOTTLE,4815,19113.15,864,35,2044
47559B,TEA TIME OVEN GLOVE,5232,6469.29,701,44,2032
21668,RED STRIPE CERAMIC DRAWER KNOB,10464,14053.289999999999,825,25,2026
22595,CHRISTMAS GINGHAM HEART,13024,10977.699999999999,796,38,2021
21669,BLUE STRIPE CERAMIC DRAWER KNOB,10763,14092.17,805,23,1999
22333,RETRO SPORT PARTY BAG + STICKER SET,10172,15877.369999999999,697,39,1982
21989,PACK OF 20 SKULL PAPER NAPKINS,8584,6822.88,654,34,1977
22620,4 TRADITIONAL SPINNING TOPS,8361,11343.55,841,38,1976
23300,GARDENERS KNEELING PAD CUP OF TEA ,6827,11815.689999999999,758,42,1971
21932,SCANDINAVIAN PAISLEY PICNIC BAG,3889,8549.47,649,34,1962
21900,"KEY FOB , SHED",8472,5632.05,835,37,1952
20679,EDWARDIAN PARASOL RED,6259,30667.32,715,24,1927
23321,SMALL WHITE HEART OF WICKER,4737,8473.269999999999,629,39,1920
22196,SMALL HEART MEASURING SPOONS,6734,6288.049999999999,981,40,1896
22907,PACK OF 20 NAPKINS PANTRY DESIGN,8745,7329.99,829,40,1894
20674,GREEN SPOTTY BOWL,3462,4414.8,463,23,1892
72741,GRAND CHOCOLATECANDLE,20178,27915.129999999997,920,44,1892
21314,SMALL GLASS HEART TRINKET POT,11658,25276.95,1066,39,1885
22487,WHITE WOOD GARDEN PLANT LADDER,1647,16569.3,898,44,1880
21891,TRADITIONAL WOODEN SKIPPING ROPE,12282,15756.65,835,34,1877
21974,SET OF 36 PAISLEY FLOWER DOILIES,7059,10656.3,808,33,1876
21670,BLUE SPOT CERAMIC DRAWER KNOB,8997,12287.34,767,21,1872
21888,BINGO SET,3586,14171.59,825,37,1862
21509,COWBOYS AND INDIANS BIRTHDAY CARD ,8817,3637.0299999999997,628,33,1861
21429,RED GINGHAM ROSE JEWELLERY BOX,6593,11785.98,997,43,1853
22748,POPPY'S PLAYHOUSE KITCHEN,4263,10434.49,742,33,1840
79321,CHILLI LIGHTS,16840,85489.91,1135,44,1837
21985,PACK OF 12 HEARTS DESIGN TISSUES ,25708,9032.96,919,40,1829
21136,PAINTED METAL PEARS ASSORTED,10652,17738.89,739,32,1823
22488,NATURAL SLATE RECTANGLE CHALKBOARD,6954,11879.169999999998,808,40,1823
21124,SET/10 BLUE SPOTTY PARTY CANDLES,10093,12254.050000000001,629,32,1821
71053,WHITE METAL LANTERN,4993,19718.61,727,38,1820
22427,ENAMEL FLOWER JUG CREAM,3247,19517.11,798,35,1817
22560,TRADITIONAL MODELLING CLAY,15226,18313.05,742,38,1799
22158,3 HEARTS HANGING DECORATION RUSTIC,9443,30498.18,718,42,1797
21673,WHITE SPOT BLUE CERAMIC DRAWER KNOB,10276,13568.06,763,22,1786
20754,RETRO RED SPOTTY WASHING UP GLOVES,5159,10608.75,852,38,1774
84988,SET OF 72 PINK HEART PAPER DOILIES,8404,13075.15,1019,34,1763
85014A,BLACK/BLUE DOTS RUFFLED UMBRELLA,4665,22054.25,684,32,1759
82551,LAUNDRY 15C METAL SIGN,5690,8163.849999999999,751,34,1756
22131,FOOD CONTAINER SET 3 LOVE HEART ,5317,10070.49,692,43,1748
21671,RED SPOT CERAMIC DRAWER KNOB,9590,12474.38,727,19,1746
22045,SPACE BOY GIFT WRAP,14667,6034.14,473,40,1746
21935,SUKI  SHOULDER BAG,7209,13353.81,921,34,1737
22353,LUNCHBOX WITH CUTLERY FAIRY CAKES ,3045,7933.19,493,33,1735
22191,EAU DE NIL DINER WALL CLOCK,2003,16522.05,620,29,1719
21154,RED SPOTTY OVEN GLOVE ,8402,12107.72,903,37,1716
22087,PAPER BUNTING WHITE LACE,8532,25563.170000000002,847,38,1705
20969,RED FLORAL FELTCRAFT SHOULDER BAG,3294,12315.1,613,24,1690
37503,TEA TIME CAKE STAND IN GIFT BOX,2469,25471.329999999998,522,38,1679
22084,PAPER CHAIN KIT EMPIRE,8879,25480.38,811,34,1673
21508,VINTAGE KID DOLLY CARD ,6802,2844.16,541,30,1661
21033,JUMBO BAG CHARLIE AND LOLA TOYS,4632,10265.72,573,29,1651
22501,PICNIC BASKET WICKER LARGE,2643,30828.289999999997,762,36,1650
21506,"FANCY FONT BIRTHDAY CARD, ",11302,4707.38,665,32,1649
48129,DOOR MAT TOPIARY,3150,19790.14,543,24,1639
20749,ASSORTED COLOUR MINI CASES,3156,22806.51,766,35,1638
22940,FELTCRAFT CHRISTMAS FAIRY,3672,16090.039999999999,586,31,1631
23307,SET OF 60 PANTRY DESIGN CAKE CASES ,12063,6379.59,629,36,1626
21078,SET/20 STRAWBERRY PAPER NAPKINS ,7242,6213.389999999999,741,32,1624
20970,PINK FLORAL FELTCRAFT SHOULDER BAG,2547,9632.0,574,22,1622
22489,PACK OF 12 TRADITIONAL CRAYONS,18076,7618.0199999999995,785,32,1621
21877,HOME SWEET HOME MUG,14187,16126.02,755,37,1615
22499,WOODEN UNION JACK BUNTING,3597,21910.640000000003,774,35,1614
20975,12 PENCILS SMALL TUBE RED SPOTTY,18685,12266.78,902,35,1600
48173C,DOOR MAT BLACK FLOCK ,4104,23335.25,500,26,1597
22607,WOODEN ROUNDERS GARDEN SET ,2556,23139.3,744,35,1596
21912,VINTAGE SNAKES & LADDERS,3800,14968.49,828,30,1595
21933,PINK VINTAGE PAISLEY PICNIC BAG,4151,9191.6,625,27,1579
22745,POPPY'S PLAYHOUSE BEDROOM ,4097,10044.060000000001,703,27,1572
23205,CHARLOTTE BAG VINTAGE ALPHABET ,5859,5728.08,467,26,1563
47590A,BLUE HAPPY BIRTHDAY BUNTING,4829,24559.230000000003,689,28,1558
22030,SWALLOWS GREETING CARD,13059,5333.92,685,30,1555
22327,ROUND SNACK BOXES SET OF 4 SKULLS,3109,10095.79,646,30,1555
84949,SILVER HANGING T-LIGHT HOLDER,12286,19568.46,693,30,1551
21519,GIN & TONIC DIET GREETING CARD ,7482,3205.43,553,33,1541
22729,ALARM CLOCK BAKELIKE ORANGE,3098,12272.63,612,20,1527
21892,TRADITIONAL WOODEN CATCH CUP GAME ,7972,10370.32,818,25,1512
22037,ROBOT BIRTHDAY CARD,7192,3096.24,634,31,1507
22631,CIRCUS PARADE LUNCHBOX ,6334,12381.66,663,25,1504
22193,RED DINER WALL CLOCK,1938,16355.980000000001,617,25,1491
84520B,PACK 20 ENGLISH ROSE PAPER NAPKINS,7465,6389.42,722,33,1491
82578,KITCHEN METAL SIGN,5645,3160.3900000000003,704,26,1490
22431,WATERING CAN BLUE ELEPHANT,3406,6865.03,620,32,1481
21844,RETRO SPOT MUG,5443,15556.67,494,24,1477
22169,FAMILY ALBUM WHITE PICTURE FRAME,2326,19956.3,701,27,1476
23173,REGENCY TEAPOT ROSES ,2770,24918.93,416,17,1475
23284,DOORMAT KEEP CALM AND COME IN,5491,38166.64,728,31,1470
85049E,SCANDINAVIAN REDS RIBBONS,6524,8750.01,830,27,1465
22804,CANDLEHOLDER PINK HANGING HEART,5393,14461.28,670,27,1461
22627,MINT KITCHEN SCALES,1642,14424.68,653,28,1461
22171,3 HOOK PHOTO SHELF ANTIQUE WHITE,3202,24249.96,661,30,1459
21561,DINOSAUR LUNCHBOX WITH CUTLERY,2988,7354.87,522,26,1456
22192,BLUE DINER WALL CLOCK,1446,12291.76,543,24,1441
22064,PINK DOUGHNUT TRINKET POT ,6711,10791.56,693,30,1433
22966,GINGERBREAD MAN COOKIE CUTTER,8506,10505.130000000001,732,30,1427
71477,COLOUR GLASS. STAR T-LIGHT HOLDER,15727,46546.53,809,31,1421
22766,PHOTO FRAME CORNICE,4475,13209.49,640,30,1418
20682,RED SPOTTY CHILDS UMBRELLA,3131,10414.78,589,36,1412
21901,"KEY FOB , BACK DOOR ",6300,4158.860000000001,688,25,1411
23322,LARGE WHITE HEART OF WICKER,3085,8925.410000000002,562,26,1390
21756,BATH BUILDING BLOCK WORD,1671,10317.36,581,26,1389
21980,PACK OF 12 RED SPOTTY TISSUES ,31551,8714.44,676,29,1386
21507,"ELEPHANT, BIRTHDAY CARD, ",8322,3495.4,584,25,1374
22151,PLACE SETTING WHITE HEART,27897,11754.85,716,32,1367
22619,SET OF 6 SOLDIER SKITTLES,4167,16261.07,708,30,1363
23343,JUMBO BAG VINTAGE CHRISTMAS ,6081,13978.95,476,29,1363
21390,FILIGRIS HEART WITH BUTTERFLY,11025,13662.97,588,26,1355
22424,ENAMEL BREAD BIN CREAM,1560,21305.96,739,29,1353
37448,CERAMIC CAKE DESIGN SPOTTED MUG,4640,6962.8,528,27,1350
22073,RETRO SPOT STORAGE JAR,2176,8647.13,474,24,1343
22072,TEA CUP AND SAUCER RETRO SPOT,2478,9502.26,511,23,1334
21245,GREEN  SPOTTY PLATE ,2589,4305.54,304,15,1333
22549,PICTURE DOMINOES,6688,9979.66,711,31,1330
23170,REGENCY TEA PLATE ROSES ,6869,11117.05,445,14,1312
23293,SET OF 12 FAIRY CAKE BAKING CASES,8486,7001.99,552,23,1305
22144,CHRISTMAS CRAFT LITTLE FRIENDS,5382,13024.09,704,23,1304
21874,GIN AND TONIC MUG,6489,8451.84,617,27,1293
22195,HEART MEASURING SPOONS LARGE,5279,9456.599999999999,811,26,1272
21500,PINK SPOTS  WRAP ,16150,6521.0,492,24,1263
82599,FANNY'S REST STOPMETAL SIGN,2585,5706.52,506,24,1257
22645,CERAMIC HEART FAIRY CAKE MONEY BANK,5883,10607.08,741,22,1250
22366,DOORMAT AIRMAIL ,2564,17445.64,568,25,1243
20974,12 PENCILS SMALL TUBE SKULL,13511,8895.24,822,28,1237
22751,FELTCRAFT PRINCESS OLIVIA DOLL,2332,8716.45,466,18,1231
21988,PACK OF 6 SKULL PAPER PLATES,7855,5848.679999999999,416,17,1224
84050,PINK HEART SHAPE EGG FRYING PAN,10529,15443.92,715,29,1220
22622,BOX OF VINTAGE ALPHABET BLOCKS,3242,32163.94,571,27,1220
22170,PICTURE FRAME WOOD TRIPLE PORTRAIT,2422,15908.66,575,21,1218
21259,VICTORIAN SEWING BOX SMALL ,2413,14564.08,655,27,1211
22998,TRAVEL CARD WALLET KEEP CALM,12490,5314.9,534,25,1208
22616,PACK OF 12 LONDON TISSUES ,40163,12764.06,825,29,1206
21622,VINTAGE UNION JACK CUSHION COVER,3745,20164.64,626,23,1204
22623,BOX OF VINTAGE JIGSAW BLOCKS ,2357,12687.380000000001,541,26,1200
23240,SET OF 4 KNICK KNACK TINS DOILEY ,4186,17037.52,536,25,1183
22579,WOODEN TREE CHRISTMAS SCANDINAVIAN,7291,3923.47,553,20,1168
22834,HAND WARMER BABUSHKA DESIGN,7676,12923.25,597,22,1158
23174,REGENCY SUGAR BOWL GREEN,3057,12350.73,322,12,1155
22188,BLACK HEART CARD HOLDER,12484,33201.0,566,22,1153
48116,DOOR MAT MULTICOLOUR STRIPE,3461,20803.16,496,19,1150
47556B,TEA TIME TEA TOWELS ,5202,13693.970000000001,449,25,1147
22508,DOORSTOP RETROSPOT HEART,2933,11787.79,697,26,1147
85049A,TRADITIONAL CHRISTMAS RIBBONS,6337,8362.4,667,21,1145
22969,HOMEMADE JAM SCENTED CANDLES,15087,22459.25,709,25,1138
21385,IVORY HANGING DECORATION  HEART,10998,9508.949999999999,690,25,1136
23175,REGENCY MILK JUG PINK ,3164,9600.15,329,13,1134
21899,"KEY FOB , GARAGE DESIGN",6804,4411.7300000000005,622,18,1127
21987,PACK OF 6 SKULL PAPER CUPS,6438,4001.71,385,15,1110
22649,STRAWBERRY FAIRY CAKE TEAPOT,2340,11772.37,486,20,1102
23171,REGENCY TEA PLATE GREEN ,6247,10051.99,381,11,1102
22079,RIBBON REEL HEARTS DESIGN ,5080,8553.04,684,21,1097
22023,EMPIRE BIRTHDAY CARD,5112,2136.46,430,21,1091
22212,FOUR HOOK  WHITE LOVEBIRDS,4114,8869.28,828,26,1090
22752,SET 7 BABUSHKA NESTING BOXES,3781,30804.75,692,29,1089
22303,COFFEE MUG APPLES DESIGN,5452,12734.78,540,19,1085
21903,MAN FLU METAL SIGN,3476,7018.1900000000005,407,19,1080
21871,SAVE THE PLANET MUG,11698,13955.91,779,25,1077
22520,CHILDS GARDEN TROWEL BLUE ,2295,2012.1299999999999,369,14,1073
21918,SET 12 KIDS COLOUR  CHALK STICKS,14747,6084.24,788,26,1064
22900, SET 2 TEA TOWELS I LOVE LONDON ,6377,20544.21,723,24,1058
84375,SET OF 20 KIDS COOKIE CUTTERS,7909,16504.32,796,23,1051
22776,SWEETHEART CAKESTAND 3 TIER,1763,18084.63,691,25,1049
22505,MEMO BOARD COTTAGE DESIGN,3826,18357.68,744,25,1047
22432,WATERING CAN PINK BUNNY,3559,6792.11,517,22,1041
22059,CERAMIC STRWBERRY DESIGN MUG,5084,6847.349999999999,458,18,1040
22412,METAL SIGN NEIGHBOURHOOD WITCH ,2417,5182.860000000001,402,18,1040
22329,ROUND CONTAINER SET OF 5 RETROSPOT,5174,8463.749999999998,610,23,1034
22521,CHILDS GARDEN TROWEL PINK,2303,2002.3,370,14,1030
22365,DOORMAT RESPECTABLE HOUSE,2357,15518.93,443,20,1025
22692,DOORMAT WELCOME TO OUR HOME,2141,16041.34,606,21,1016
23439,HAND WARMER RED LOVE HEART,4027,8941.61,397,18,1010
23356,LOVE HOT WATER BOTTLE,2386,13494.970000000001,476,18,1006
23319,BOX OF 6 MINI 50'S CRACKERS,3739,9266.84,403,19,1002
22951,72 CAKE CASES DOLLY GIRL DESIGN,11232,5909.85,634,17,994
22534,MAGIC DRAWING SLATE SPACEBOY ,13159,5625.16,583,21,994
22725,ALARM CLOCK BAKELIKE CHOCOLATE,2591,10635.2,549,9,993
22061,LARGE CAKE STAND  HANGING STRAWBERY,2189,19300.47,520,19,992
21700,BIG DOUGHNUT FRIDGE MAGNETS,6470,7219.46,525,22,990
21770,OPEN CLOSED METAL SIGN,2996,14832.050000000001,651,25,985
21071,VINTAGE BILLBOARD DRINK ME MUG,4475,5252.7,472,21,982
22644,CERAMIC CHERRY CAKE MONEY BANK,5095,7451.74,610,17,981
21241,GREEN SPOTTY CUP,2216,1871.62,260,13,971
22523,CHILDS GARDEN FORK PINK,2193,1891.6,352,14,971
23256,CHILDRENS CUTLERY SPACEBOY ,2115,8675.37,368,21,970
23172,REGENCY TEA PLATE PINK,3871,6360.909999999999,305,10,963
22602,CHRISTMAS RETROSPOT HEART WOOD,6643,5629.21,535,19,950
22522,CHILDS GARDEN FORK BLUE ,2246,1911.76,334,13,947
84947,ANTIQUE SILVER TEA GLASS ENGRAVED,16199,19223.04,680,17,944
22141,CHRISTMAS CRAFT TREE TOP ANGEL,3794,9254.710000000001,572,18,943
22429,ENAMEL MEASURING JUG CREAM,2341,10124.39,625,17,941
20979,36 PENCILS TUBE RED SPOTTY,8219,10350.56,709,21,940
22088,PAPER BUNTING COLOURED LACE,4409,13109.34,619,19,940
21982,PACK OF 12 SUKI TISSUES ,32827,10589.349999999999,718,20,939
35970,ZINC FOLKART SLEIGH BELLS,8447,15257.26,692,23,937
21499,BLUE SPOTS  WRAP,15452,6207.84,460,15,937
22746,POPPY'S PLAYHOUSE LIVINGROOM ,2979,6858.92,564,11,934
22574,HEART WOODEN CHRISTMAS DECORATION,5386,4930.009999999999,415,18,932
22371,AIRLINE BAG VINTAGE TOKYO 78,1877,9221.01,684,20,932
21411,GINGHAM HEART  DOORSTOP RED,2131,8534.49,624,22,929
22676,"FRENCH BLUE METAL DOOR SIGN, 1",1847,2491.27,305,10,929
22677,"FRENCH BLUE METAL DOOR SIGN, 2",1589,2158.09,280,10,923
22593,CHRISTMAS GINGHAM STAR,5812,5169.16,415,17,921
22332,SKULLS PARTY BAG + STICKER SET,4178,6553.549999999999,381,17,920
22418,10 COLOUR SPACEBOY PEN,12732,10792.019999999999,586,25,917
22668,PINK BABY BUNTING,3604,10965.96,579,20,913
21497,FANCY FONTS BIRTHDAY WRAP,17625,7030.5,485,21,912
22594,CHRISTMAS GINGHAM TREE,5011,4599.969999999999,412,17,909
85049C,ROMANTIC PINKS RIBBONS ,3037,3817.55,500,12,902
22605,WOODEN CROQUET GARDEN SET,1846,23743.77,642,15,899
37450,CERAMIC CAKE BOWL + HANGING CAKES,2475,7129.39,391,17,898
22739,"RIBBON REEL, XMAS SOCK/BAUBLE",4199,7744.26,601,15,897
22837,HOT WATER BOTTLE BABUSHKA ,4015,18774.72,450,21,897
22771,CLEAR DRAWER KNOB ACRYLIC EDWARDIAN,7762,10502.19,512,14,890
22665,RECIPE BOX BLUE SKETCHBOOK DESIGN,3025,9852.58,703,19,882
22680,"FRENCH BLUE METAL DOOR SIGN, 5",1383,1854.2,230,10,881
85049G,CHOCOLATE BOX RIBBONS ,3902,4813.65,510,14,877
21623,VINTAGE UNION JACK MEMOBOARD,7200,52122.729999999996,530,20,877
22679,"FRENCH BLUE METAL DOOR SIGN, 4",1272,1708.19,230,10,874
22634,CHILDS BREAKFAST SET SPACEBOY ,1726,16313.05,499,15,873
22678,"FRENCH BLUE METAL DOOR SIGN, 3",1411,1896.84,248,10,870
21704,BAG 250g SWIRLY MARBLES,17304,13347.599999999999,568,19,870
23295,SET OF 12 MINI LOAF BAKING CASES,6140,5078.429999999999,444,14,869
20983,12 PENCILS TALL TUBE RED SPOTTY,6342,5521.78,641,17,867
22573,STAR WOODEN CHRISTMAS DECORATION,5127,4631.33,405,17,864
23318,BOX OF 6 MINI VINTAGE CRACKERS,3811,9167.390000000001,376,16,862
23581,JUMBO BAG PAISLEY PARK,5035,11613.03,338,18,859
84030E,ENGLISH ROSE HOT WATER BOTTLE,2252,9625.51,485,17,858
22028,PENNY FARTHING BIRTHDAY CARD,6408,2693.73,507,18,857
22600,CHRISTMAS RETROSPOT STAR WOOD,4961,4320.05,429,16,856
37447,CERAMIC CAKE DESIGN SPOTTED PLATE,2934,4625.49,364,18,848
22690,DOORMAT HOME SWEET HOME BLUE ,2543,15945.72,437,17,841
22847,"BREAD BIN, DINER STYLE, IVORY",1191,18890.09,482,19,836
22738,RIBBON REEL SNOWY VILLAGE,4636,8382.54,498,12,831
22635,CHILDS BREAKFAST SET DOLLY GIRL ,1693,16133.789999999999,485,14,827
22563,HAPPY STENCIL CRAFT,6012,7012.610000000001,533,18,820
22682,"FRENCH BLUE METAL DOOR SIGN, 7",1168,1526.88,182,10,809
21916,SET 12 RETRO WHITE CHALK STICKS,11154,4815.7699999999995,713,20,808
22685,"FRENCH BLUE METAL DOOR SIGN, 0",1087,1405.87,160,10,799
15036,ASSORTED COLOURS SILK FAN,44365,33041.55,991,21,798
22737,RIBBON REEL CHRISTMAS PRESENT ,3412,6131.72,493,14,798
22683,"FRENCH BLUE METAL DOOR SIGN, 8",1135,1509.18,190,10,797
21179,NO JUNK MAIL METAL SIGN,4322,3570.87,505,20,796
22681,"FRENCH BLUE METAL DOOR SIGN, 6",1171,1565.78,189,10,793
16156S,WRAP PINK FAIRY CAKES ,16761,6600.62,419,17,792
23243,SET OF TEA COFFEE SUGAR TINS PANTRY,4805,23514.170000000002,470,16,791
22272,FELTCRAFT DOLL MARIA,1397,3930.9600000000005,300,15,789
20982,12 PENCILS TALL TUBE SKULLS,4928,4309.25,576,15,788
23583,LUNCH BAG PAISLEY PARK  ,3395,5513.83,325,17,783
21890,S/6 WOODEN SKITTLES IN COTTON BAG,3549,10658.800000000001,547,15,782
22089,PAPER BUNTING VINTAGE PAISLEY,3516,10335.810000000001,552,14,773
22142,CHRISTMAS CRAFT WHITE FAIRY ,4419,6637.04,503,13,772
37449,CERAMIC CAKE STAND + HANGING CAKES,2418,22702.46,477,15,770
22571,ROCKING HORSE RED CHRISTMAS ,6091,5445.429999999999,511,17,764
21495,SKULLS WRAP,12515,5140.3,376,16,761
22840,ROUND CAKE TIN VINTAGE RED,1354,10311.0,402,15,746
15056P,EDWARDIAN PARASOL PINK,2529,12497.32,344,10,743
22950,36 DOILIES VINTAGE CHRISTMAS,8334,11454.09,352,12,742
23296,SET OF 6 TEA TIME BAKING CASES,4981,5988.05,378,12,741
22684,"FRENCH BLUE METAL DOOR SIGN, 9",1019,1353.71,162,10,730
22601,CHRISTMAS RETROSPOT ANGEL WOOD,5425,4732.389999999999,417,15,730
16161P,WRAP ENGLISH ROSE ,13298,5477.4,440,16,725
22377,BOTTLE BAG RETROSPOT ,3623,6935.68,435,15,717
22063,CERAMIC BOWL WITH STRAWBERRY DESIGN,2327,6426.860000000001,356,14,714
84596B,SMALL DOLLY MIX DESIGN ORANGE BOWL,6301,4131.54,725,12,713
84945,MULTI COLOUR SILVER T-LIGHT HOLDER,22662,18617.8,653,15,711
22636,CHILDS BREAKFAST SET CIRCUS PARADE,1664,13821.23,489,16,710
22433,WATERING CAN GREEN DINOSAUR,2818,5271.0599999999995,422,13,707
22584,PACK OF 6 PANNETONE GIFT BOXES,5291,13478.789999999999,589,13,706
72760B,VINTAGE CREAM 3 BASKET CAKE STAND,1739,16794.94,494,18,705
22983,"CARD, BILLBOARD FONT",6916,2938.52,551,16,703
21934,SKULL SHOULDER BAG,4648,8402.97,725,16,701
21326,AGED GLASS SILVER T-LIGHT HOLDER,18356,11972.480000000001,643,16,700
22528,GARDENERS KNEELING PAD,5831,7634.27,554,17,695
22524,CHILDRENS GARDEN GLOVES BLUE,1940,2736.2,293,10,692
23313,VINTAGE CHRISTMAS BUNTING,2997,15833.310000000001,401,16,690
22518,CHILDS GARDEN BRUSH BLUE,1419,2954.4500000000003,266,13,677
22851,SET 20 NAPKINS FAIRY CAKES DESIGN ,5221,4250.11,523,15,668
84792,ENCHANTED BIRD COATHANGER 5 HOOK,2327,10268.35,519,16,667
22759,SET OF 3 NOTEBOOKS IN PARCEL,9541,16205.739999999998,795,17,663
22026,BANQUET BIRTHDAY  CARD  ,4066,1733.44,366,15,663
23351,ROLL WRAP 50'S CHRISTMAS,3539,4880.65,354,12,661
21504,SKULLS GREETING CARD,5021,2050.38,329,15,660
22772,PINK DRAWER KNOB ACRYLIC EDWARDIAN,4580,6192.61,314,11,658
22491,PACK OF 12 COLOURED PENCILS,7554,6067.87,390,12,658
85049D,BRIGHT BLUES RIBBONS ,2378,2982.96,400,9,655
22378,WALL TIDY RETROSPOT ,3783,6924.5199999999995,546,15,655
37370,RETRO COFFEE MUGS ASSORTED,7504,11582.36,492,16,654
21745,GAOLERS KEYS DECORATIVE GARDEN ,2737,9340.07,486,15,646
23349,ROLL WRAP VINTAGE CHRISTMAS,3231,4355.1,337,13,642
22437,SET OF 9 BLACK SKULL BALLOONS,6566,5505.41,443,15,641
22041,"RECORD FRAME 7"" SINGLE SIZE ",7861,19371.46,555,12,637
23254,CHILDRENS CUTLERY DOLLY GIRL ,1710,6932.16,299,13,635
82567,"AIRLINE LOUNGE,METAL SIGN",1231,2559.9300000000003,489,16,634
84839,SWEETHEART KEY CABINET,1538,8848.3,393,14,629
22519,CHILDS GARDEN BRUSH PINK,1445,3023.4300000000003,258,11,628
20967,GREY FLORAL FELTCRAFT SHOULDER BAG,1144,4338.83,296,12,628
21041,RED SPOTTY OVEN GLOVE DOUBLE,2732,9303.19,525,15,626
22198,"POPCORN HOLDER , LARGE",7807,13603.929999999998,646,10,624
22080,RIBBON REEL SPOTS DESIGN ,3987,6685.13,519,9,616
22156,HEART DECORATION WITH PEARLS ,6327,5687.78,581,15,613
22525,CHILDRENS GARDEN GLOVES PINK,1974,2807.41,328,8,613
22581,WOOD STOCKING CHRISTMAS SCANDISPOT,3653,2946.87,380,13,607
23311,VINTAGE CHRISTMAS STOCKING ,2390,6488.2,344,13,607
23294,SET OF 6 SNACK LOAF BAKING CASES,4420,3631.0499999999997,354,9,607
20981,12 PENCILS TALL TUBE WOODLAND,4782,4125.99,513,13,607
37446,MINI CAKE STAND WITH HANGING CAKES,3813,5502.08,410,11,606
47567B,TEA TIME KITCHEN APRON,2199,11886.390000000001,348,14,597
21902,"KEY FOB , FRONT  DOOR ",5457,3472.7400000000002,474,6,596
22716,CARD CIRCUS PARADE,5330,2259.74,447,15,595
22550,HOLIDAY FUN LUDO,2091,7835.96,425,11,595
22917,HERB MARKER ROSEMARY,2042,1423.6200000000001,252,5,594
23353,6 GIFT TAGS VINTAGE CHRISTMAS ,4016,3517.5199999999995,327,13,593
84347,ROTATING SILVER ANGELS T-LIGHT HLDR,32525,74448.92,756,15,592
84032B,CHARLIE + LOLA RED HOT WATER BOTTLE,3430,8228.09,601,14,589
22916,HERB MARKER THYME,2006,1398.04,249,5,588
22920,HERB MARKER BASIL,3526,2237.46,252,5,588
22768,FAMILY PHOTO FRAME CORNICE,1197,11484.06,354,13,586
22918,HERB MARKER PARSLEY,1975,1361.42,249,5,585
22996,TRAVEL CARD WALLET VINTAGE TICKET,4813,2099.97,408,11,584
22919,HERB MARKER MINT,1833,1281.94,248,5,582
21537,RETRO SPOTS PUDDING BOWL,1054,4547.84,256,13,581
22530,MAGIC DRAWING SLATE DOLLY GIRL ,10274,4344.84,468,13,579
22712,CARD DOLLY GIRL ,7447,3067.5299999999997,508,12,575
22908,PACK OF 20 NAPKINS RED APPLES,5674,4590.55,485,13,574
21703,BAG 125g SWIRLY MARBLES,14797,5742.31,561,13,569
22301,COFFEE MUG CAT + BIRD DESIGN,5152,12522.06,643,7,563
85232B,SET/3 RUSSIAN DOLL STACKING TINS,3088,15466.18,539,15,560
22795,SWEETHEART RECIPE BOOK STAND,1666,11731.06,498,15,559
22302,COFFEE MUG PEARS  DESIGN,4933,10510.3,396,9,559
22686,"FRENCH BLUE METAL DOOR SIGN, No",1410,1864.91,221,10,559
47599A,PINK PARTY BAGS,6046,11348.58,369,12,558
22775,PURPLE DRAWERKNOB ACRYLIC EDWARDIAN,3903,5531.31,284,11,557
22024,RAINY LADIES BIRTHDAY CARD,5478,2294.83,439,13,554
21981,PACK OF 12 WOODLAND TISSUES ,26472,7213.86,553,13,544
22603,CHRISTMAS RETROSPOT TREE WOOD,4225,3635.56,388,10,540
23263,SET OF 3 WOODEN HEART DECORATIONS,3893,5184.69,445,11,539
22846,BREAD BIN DINER STYLE RED ,856,13767.32,346,12,539
84832,ZINC WILLIE WINKIE  CANDLE STICK,6888,6233.23,630,12,537
35961,FOLKART ZINC HEART CHRISTMAS DEC,11563,9668.33,637,12,536
16161U,"WRAP,SUKI AND FRIENDS",10076,4105.92,318,13,531
21986,PACK OF 12 PINK SPOT TISSUES ,13536,4808.57,469,11,530
22275,WEEKEND BAG VINTAGE ROSE PAISLEY,1019,8437.18,313,13,530
23234,BISCUIT TIN VINTAGE CHRISTMAS,1725,5088.45,277,13,528
22736,"RIBBON REEL, MAKING SNOWMEN ",2633,4742.23,408,9,528
21967,PACK OF 12 SKULL TISSUES,15917,4484.509999999999,479,12,526
22921,HERB MARKER CHIVES ,1806,1256.54,220,5,525
22672,FRENCH BATHROOM SIGN BLUE METAL,2870,4775.95,370,9,523
22514,CHILDS GARDEN SPADE BLUE,1094,2228.1200000000003,233,10,520
23354,6 GIFT TAGS 50'S CHRISTMAS ,3743,3431.89,322,10,510
85049B,LUSH GREENS RIBBONS,2136,2665.8,338,9,509
22747,POPPY'S PLAYHOUSE BATHROOM,2088,4602.72,402,3,509
22566,"FELTCRAFT HAIRBAND S/2, PINK/PURPLE",2896,2427.25,297,12,508
22515,CHILDS GARDEN SPADE PINK,1057,2161.28,208,10,506
22236,CAKE STAND 3 TIER MAGIC GARDEN,1141,14122.419999999998,421,12,504
22979,PANTRY WASHING UP BRUSH,4097,6401.969999999999,381,12,501
23582,VINTAGE DOILY JUMBO BAG RED ,4815,10233.45,259,9,497
21363,HOME SMALL WOOD LETTERS,1020,5505.030000000001,401,11,497
22358,KINGS CHOICE TEA CADDY ,2694,8561.900000000001,605,11,495
22844,VINTAGE CREAM DOG FOOD CONTAINER,1252,11831.22,498,10,495
22300,COFFEE MUG DOG + BALL DESIGN,4229,10192.1,526,6,491
22898,CHILDRENS APRON APPLE DESIGN,3263,6805.23,471,11,490
22654,DELUXE SEWING KIT ,2689,18177.57,597,11,489
22588,CARDHOLDER GINGHAM HEART,2929,8053.97,483,11,488
22812,PACK 3 BOXES CHRISTMAS PANNETONE,5057,11181.279999999999,462,11,488
21714,CITRONELLA CANDLE GARDEN POT,4324,6236.16,522,11,488
20973,12 PENCIL SMALL TUBE WOODLAND,10066,6930.47,658,11,487
21257,VICTORIAN SEWING BOX MEDIUM,1596,14505.73,532,10,486
22899,CHILDRENS APRON DOLLY GIRL ,2841,5939.990000000001,421,9,484
79323W, WHITE CHERRY LIGHTS,3004,18048.72,349,9,482
22989,SET 2 PANTRY DESIGN TEA TOWELS,2815,9012.27,372,11,476
22637,PIGGY BANK RETROSPOT ,4624,11915.48,598,13,475
22078,RIBBON REEL LACE DESIGN ,4044,8580.16,480,8,474
21984,PACK OF 12 PINK PAISLEY TISSUES ,25509,7077.05,432,10,472
21137,BLACK RECORD COVER FRAME,19954,69329.47,634,9,471
21380,WOODEN HAPPY BIRTHDAY GARLAND,5057,14672.980000000001,651,11,471
21068,VINTAGE BILLBOARD LOVE/HATE MUG,4398,4587.91,373,11,467
22115,METAL SIGN EMPIRE TEA,2913,5786.620000000001,500,12,464
21488,RED WHITE SCARF  HOT WATER BOTTLE,2448,10285.980000000001,359,9,464
22767,TRIPLE PHOTO FRAME CORNICE ,1022,9667.76,295,9,461
84596F,SMALL MARSHMALLOWS PINK BOWL,4743,3218.6,600,7,461
22335,HEART DECORATION PAINTED ZINC ,8756,5717.76,510,12,461
22331,WOODLAND PARTY BAG + STICKER SET,3732,6135.5,437,8,459
22121,NOEL WOODEN BLOCK LETTERS ,1538,9536.28,438,10,456
23052,RECYCLED ACAPULCO MAT TURQUOISE,654,5949.34,278,7,454
22732,3D VINTAGE CHRISTMAS STICKERS ,3856,5115.26,337,10,453
22516,CHILDS GARDEN RAKE BLUE,854,1736.3200000000002,162,10,452
21042,RED SPOTTY APRON ,1505,8914.48,399,12,448
21544,SKULLS  WATER TRANSFER TATTOOS ,6131,5119.69,503,12,447
22576,SWALLOW WOODEN CHRISTMAS DECORATION,3364,3045.24,330,10,447
22798,ANTIQUE GLASS DRESSING TABLE POT,2491,7752.21,356,10,447
23332,IVORY WICKER HEART LARGE,2076,3570.7599999999998,287,8,442
23236,DOILEY STORAGE TIN,2509,7106.21,327,10,442
85049F,BABY BOOM RIBBONS ,2140,2671.5,314,7,441
84032A,CHARLIE+LOLA PINK HOT WATER BOTTLE,3427,9427.62,662,9,440
21108,FAIRY CAKE FLANNEL ASSORTED COLOUR,13105,25887.350000000002,613,10,439
22841,ROUND CAKE TIN VINTAGE GREEN,784,6114.280000000001,306,9,437
21428,SET3 BOOK BOX GREEN GINGHAM FLOWER ,2939,11992.93,465,9,435
23000,TRAVEL CARD WALLET TRANSPORT,3171,1369.12,278,10,434
22774,RED DRAWER KNOB ACRYLIC EDWARDIAN,2981,3856.28,184,10,434
22773,GREEN DRAWER KNOB ACRYLIC EDWARDIAN,2495,3321.2799999999997,227,9,433
22714,CARD BIRTHDAY COWBOY,5315,2174.73,359,10,430
22941,CHRISTMAS LIGHTS 10 REINDEER,2710,22645.32,483,8,429
23198,PANTRY MAGNETIC  SHOPPING LIST,3346,5068.4,475,11,428
72351B,SET/6 PINK  BUTTERFLY T-LIGHTS,5821,11271.04,499,7,427
22110,BIRD HOUSE HOT WATER BOTTLE,2748,9263.87,512,8,427
22425,ENAMEL COLLANDER CREAM,867,4406.75,301,8,423
22120,WELCOME  WOODEN BLOCK LETTERS,1030,10444.02,367,7,422
22959,WRAP CHRISTMAS VILLAGE,9801,4008.42,284,9,418
22895,SET OF 2 TEA TOWELS APPLE AND PEARS,2898,8823.52,411,10,417
21624,VINTAGE UNION JACK DOORSTOP,1787,10736.35,403,9,416
22548,HEADS AND TAILS SPORTING FUN,3585,4483.1,428,8,415
22596,CHRISTMAS STAR WISH LIST CHALKBOARD,6371,6515.599999999999,438,12,413
22754,SMALL RED BABUSHKA NOTEBOOK ,3986,3116.1899999999996,492,6,412
22179,SET 10 LIGHTS NIGHT OWL,2094,14960.5,566,10,410
23247,BISCUIT TIN 50'S CHRISTMAS,2206,6715.93,309,9,405
21340,CLASSIC METAL BIRDCAGE PLANT HOLDER,1785,19541.46,419,10,404
22536,MAGIC DRAWING SLATE PURDEY,10169,3980.29,365,10,404
22517,CHILDS GARDEN RAKE PINK,815,1612.5300000000002,152,9,403
22755,SMALL PURPLE BABUSHKA NOTEBOOK ,3833,3054.99,499,6,401
85048,15CM CHRISTMAS GLASS BALL 20 LIGHTS,2755,21826.9,517,11,399
22227,"DECORATION, HANGING HEART+MIRROR ",6151,4436.860000000001,643,10,396
22119, PEACE WOODEN BLOCK LETTERS,938,5825.77,340,7,395
22965,3 TRADITIONAl BISCUIT CUTTERS  SET,1890,3936.9500000000003,260,9,391
21098,CHRISTMAS TOILET ROLL,9038,14212.960000000001,596,9,386
23308,SET OF 60 VINTAGE LEAF CAKE CASES ,6151,3279.21,382,9,385
21328,BALLOONS  WRITING SET ,2535,4836.13,643,8,384
21578,WOODLAND DESIGN  COTTON TOTE BAG,2224,5108.42,380,7,381
22565,FELTCRAFT HAIRBANDS PINK + WHITE ,2129,1940.36,278,9,380
22586,FELTCRAFT HAIRBAND PINK AND BLUE,2126,1852.34,295,10,379
22626,BLACK KITCHEN SCALES,867,7430.96,339,5,379
22674,FRENCH TOILET SIGN BLUE METAL,2399,2985.09,297,7,378
21905,MORE BUTTER METAL SIGN ,1624,2159.9700000000003,263,10,377
22606,WOODEN SKITTLES GARDEN SET,1077,15009.539999999999,374,5,376
23320,GIANT 50'S CHRISTMAS CRACKER,2668,7072.16,333,8,374
22980,PANTRY SCRUBBING BRUSH,2366,3914.9599999999996,291,9,374
22531,MAGIC DRAWING SLATE CIRCUS PARADE  ,8314,3591.98,406,9,372
20977,36 PENCILS TUBE WOODLAND,3856,5149.99,485,9,371
22855,FINE WICKER HEART ,5020,6274.05,427,9,370
82597,BOMBS AWAY METAL SIGN,1236,2624.26,215,10,367
22962,JAM JAR WITH PINK LID,4638,3878.85,354,7,367
23265,SET OF 3 WOODEN TREE DECORATIONS,1784,2423.54,293,6,366
85064,CREAM SWEETHEART LETTER RACK,1789,8327.01,279,9,364
23350,ROLL WRAP VINTAGE SPOT ,2721,3456.33,305,7,360
21716,BOYS VINTAGE TIN SEASIDE BUCKET,3750,9531.74,496,5,359
21876,POTTERING MUG,5728,7472.99,623,8,358
22398,MAGNETS PACK OF 4 SWALLOWS,4334,3809.15,430,8,357
22426,ENAMEL WASH BOWL CREAM,1348,5198.99,372,7,356
22753,SMALL YELLOW BABUSHKA NOTEBOOK ,2382,1964.9999999999998,404,6,355
22430,ENAMEL WATERING CAN CREAM,1414,6861.1900000000005,356,8,355
21207,SKULL AND CROSSBONES  GARLAND ,3618,5628.889999999999,282,10,351
22733,3D STICKERS TRADITIONAL CHRISTMAS ,3526,4543.5199999999995,338,7,351
23050,RECYCLED ACAPULCO MAT GREEN,497,4286.55,205,5,351
22670,FRENCH WC SIGN BLUE METAL,4492,5590.61,425,8,351
22805,BLUE DRAWER KNOB ACRYLIC EDWARDIAN,2330,3182.73,231,7,350
22276,WASH BAG VINTAGE ROSE PAISLEY,1956,5112.83,373,9,349
22567,20 DOLLY PEGS RETROSPOT,5810,7312.82,506,9,349
22970,LONDON BUS COFFEE MUG,4367,10224.75,317,6,349
21658,GLASS  BEURRE DISH,2263,9458.15,519,9,348
23329,DECORATIVE WICKER HEART LARGE,1778,3056.3399999999997,233,8,347
21592,RETRO SPOT  CIGAR BOX MATCHES ,5991,6695.35,476,9,346
22994,TRAVEL CARD WALLET RETROSPOT,2197,958.2,218,8,345
22374,AIRLINE BAG VINTAGE JET SET RED,1042,5197.47,430,5,344
23231,WRAP DOILEY DESIGN,7277,3008.34,260,9,341
22669,RED BABY BUNTING ,2439,7838.37,438,7,340
22988,SOLDIERS EGG CUP ,9748,11753.720000000001,446,9,340
23266,SET OF 3 WOODEN STOCKING DECORATION,2064,2757.57,319,5,340
22544,MINI JIGSAW SPACEBOY,9545,3826.98,341,8,338
72351A,SET/6 TURQUOISE BUTTERFLY T-LIGHTS,3762,7442.1900000000005,399,5,337
20828,GLITTER BUTTERFLY CLIPS,4481,11095.91,607,7,336
22035,VINTAGE CARAVAN GREETING CARD ,4109,1743.02,360,8,335
23290,SPACEBOY CHILDRENS BOWL,2437,2899.1000000000004,214,6,334
22784,LANTERN CREAM GAZEBO ,1598,7984.070000000001,369,8,332
22999,TRAVEL CARD WALLET RETRO PETALS,2960,1280.31,222,7,332
22435,SET OF 9 HEART SHAPED BALLOONS,5029,6330.24,537,9,332
23323,WHITE WICKER STAR ,1473,3155.1800000000003,294,7,330
22465,HANGING METAL STAR LANTERN,4686,7581.9,461,5,329
22995,TRAVEL CARD WALLET SUKI,2389,1062.0,266,8,329
72802C,VANILLA SCENT CANDLE JEWELLED BOX,2228,6251.44,269,7,328
48197,DOOR MAT BIRD ON THE WIRE,898,5905.64,225,9,326
85049H,URBAN BLACK RIBBONS ,2076,2080.94,334,7,325
21718,RED METAL BEACH SPADE ,4047,5274.07,467,4,323
22664,TOY TIDY DOLLY GIRL DESIGN,1446,3008.88,266,7,322
22964,3 PIECE SPACEBOY COOKIE CUTTER SET,2853,5966.250000000001,408,7,321
21107,CREAM SLICE FLANNEL PINK SPOT ,2463,7075.400000000001,313,7,321
22468,BABUSHKA LIGHTS STRING OF 10,1778,11853.380000000001,413,8,320
21715,GIRLS VINTAGE TIN SEASIDE BUCKET,3564,9017.8,487,4,320
21215, IVORY PAPER CUP CAKE CASES ,4504,2607.3,291,7,320
22587,"FELTCRAFT HAIRBAND, S/2, RED/BLUE",2188,1909.03,308,8,319
22978,PANTRY ROLLING PIN,2465,9568.73,238,8,319
23126,DOLLCRAFT GIRL AMELIE KIT,1114,5556.79,291,7,318
22675,FRENCH KITCHEN SIGN BLUE METAL,2238,2778.78,270,5,318
22215,CAKE STAND WHITE TWO TIER LACE,1098,8920.43,359,8,316
85061W,WHITE JEWELLED HEART DECORATION,6440,5567.009999999999,469,8,316
21114,LAVENDER SCENTED FABRIC HEART,5783,7462.16,494,8,315
47568,ENGLISH ROSE DESIGN PEG BAG,2389,4993.52,410,8,314
22109,FULL ENGLISH BREAKFAST PLATE,3436,14216.43,642,8,314
47599B,BLUE PARTY BAGS ,3568,6822.14,286,6,313
22791,T-LIGHT GLASS FLUTED ANTIQUE,9946,12336.710000000001,434,7,313
21746,SMALL RED SPOT  WINDMILL,5970,7478.37,488,8,313
22758,LARGE PURPLE BABUSHKA NOTEBOOK  ,2476,2677.18,314,6,312
22845,VINTAGE CREAM CAT FOOD CONTAINER,1026,6967.9,394,5,312
48189,DOOR MAT FRIENDSHIP ,1323,8494.01,274,7,312
21258,VICTORIAN SEWING BOX LARGE,1692,24153.59,526,6,311
23312,VINTAGE CHRISTMAS GIFT SACK,1424,5968.3,214,7,311
23283,DOORMAT VINTAGE LEAVES DESIGN ,994,7003.38,233,8,310
20978,36 PENCILS TUBE SKULLS,4163,5497.33,557,6,309
23352,ROLL WRAP 50'S RED CHRISTMAS ,1803,2462.95,212,6,309
22842,BISCUIT TIN VINTAGE RED,844,5484.08,237,5,308
22757,LARGE RED BABUSHKA NOTEBOOK ,2721,3120.33,308,6,307
21866,UNION JACK FLAG LUGGAGE TAG,2227,3703.64,453,6,307
21577,SAVE THE PLANET COTTON TOTE BAG,2593,5827.87,464,7,307
22460,EMBOSSED GLASS TEALIGHT HOLDER,4834,6372.7,376,7,306
23333,IVORY WICKER HEART MEDIUM,2110,2721.7,233,6,306
22360,"GLASS JAR, ENGLISH CONFECTIONERY",2536,7662.45,425,6,301
23049,RECYCLED ACAPULCO MAT RED,456,3896.84,186,5,301
22057,CERAMIC PLATE STRAWBERRY DESIGN,3081,4043.02,260,6,301
22243,"HOOK, 5 HANGER ,MAGIC TOADSTOOL RED",7738,11960.96,388,6,300
22818,CARD CHRISTMAS VILLAGE,6670,2899.38,404,6,299
20751,FUNKY WASHING UP GLOVES ASSORTED,2941,6241.68,471,7,299
22361,GLASS JAR DAISY FRESH COTTON WOOL,1857,6089.42,496,6,299
22809,SET OF 6 T-LIGHTS SANTA,2662,7950.900000000001,379,5,298
22117,METAL SIGN HER DINNER IS SERVED ,1769,5222.49,230,8,298
22364,GLASS JAR DIGESTIVE BISCUITS,2067,6548.8,340,6,297
22731,3D CHRISTMAS STAMPS STICKERS ,3061,4099.41,266,7,295
47566b,TEA TIME PARTY BUNTING,217,1803.61,113,7,293
22704,WRAP RED APPLES ,8853,3638.26,295,7,291
21123,SET/10 IVORY SPOTTY PARTY CANDLES,2785,3435.56,252,4,291
20681,PINK SPOTTY CHILDS UMBRELLA,1436,4882.54,341,7,291
22796,PHOTO FRAME 3 CLASSIC HANGING,823,8223.439999999999,316,7,290
22025,RING OF ROSES BIRTHDAY CARD,4011,1661.01,288,6,287
23053,RECYCLED ACAPULCO MAT PINK,365,3262.57,164,5,285
22997,TRAVEL CARD WALLET UNION JACK,2595,1115.93,222,6,285
22180,RETRO SPOT LAMP,1008,10443.01,410,8,284
22572,ROCKING HORSE GREEN CHRISTMAS ,3686,3326.77,362,6,283
22081,RIBBON REEL FLORA + FAUNA ,1584,2823.66,302,5,283
22801,ANTIQUE GLASS PEDESTAL BOWL,1368,5591.0,299,6,283
21922,UNION STRIPE WITH FRINGE  HAMMOCK,1452,11297.82,388,8,283
21260,FIRST AID TIN,3591,11821.18,534,7,283
22334,DINOSAUR PARTY BAG + STICKER SET,2248,3582.06,264,5,282
22493,PAINT YOUR OWN CANVAS SET,4822,7758.69,418,6,280
23292,SPACE BOY CHILDRENS CUP,2182,2704.58,222,5,279
21135,VICTORIAN  METAL POSTCARD SPRING,6080,8727.789999999999,405,5,279
72807C,SET/3 VANILLA SCENTED CANDLE IN BOX,2019,8667.49,345,6,278
23005,TRAVEL CARD WALLET I LOVE LONDON,4783,2147.55,241,7,277
79323P,PINK CHERRY LIGHTS,2281,13787.93,265,4,277
22244,"HOOK, 3 HANGER ,MAGIC GARDEN",4830,9252.019999999999,431,6,276
22713,CARD I LOVE LONDON ,6257,2690.93,368,7,274
22614,PACK OF 12 SPACEBOY TISSUES,5883,2003.8099999999997,368,7,274
23108,SET OF 10 LED DOLLY LIGHTS,2221,13303.019999999999,372,7,274
23051,RECYCLED ACAPULCO MAT BLUE,365,3223.49,162,5,274
22118,JOY WOODEN BLOCK LETTERS,823,3984.8500000000004,271,5,270
22242,"HOOK, 5 HANGER , MAGIC TOADSTOOL",4835,7692.989999999999,368,6,269
85062,PEARL CRYSTAL PUMPKIN T-LIGHT HLDR,4049,6638.249999999999,342,6,268
22224,WHITE LOVEBIRD LANTERN,2404,7637.150000000001,401,7,266
21470,FLOWER VINE RAFFIA FOOD COVER,1121,4269.92,319,7,265
22130,PARTY CONE CHRISTMAS DECORATION ,9972,11290.019999999999,424,7,265
23054,RECYCLED ACAPULCO MAT LAVENDER,297,2621.43,130,5,264
21110,LARGE CAKE TOWEL PINK SPOTS,1652,7830.83,329,5,264
37495,FAIRY CAKE BIRTHDAY CANDLE SET,1581,5811.35,330,6,263
22971,QUEENS GUARD COFFEE MUG,2431,5849.29,272,5,262
23163,REGENCY SUGAR TONGS,1832,4515.22,209,7,262
22583,PACK OF 6 HANDBAG GIFT BOXES,1903,5044.799999999999,349,4,260
21162,TOXIC AREA  DOOR HANGER ,2407,1661.86,285,5,259
22562,MONSTERS STENCIL CRAFT,4013,4726.05,393,2,259
23264,SET OF 3 WOODEN SLEIGH DECORATIONS,1966,2694.56,299,4,259
22696,WICKER WREATH LARGE,1480,2926.62,288,5,259
22485,SET OF 2 WOODEN MARKET CRATES,1109,14779.84,419,6,258
21983,PACK OF 12 BLUE PAISLEY TISSUES ,6275,1925.59,325,5,258
21777,RECIPE BOX WITH METAL HEART,1147,9242.460000000001,367,6,257
21591,COSY HOUR CIGAR BOX MATCHES ,4124,6185.58,365,7,255
22535,MAGIC DRAWING SLATE BUNNIES ,4469,1869.22,298,6,254
22628,PICNIC BOXES SET OF 3 RETROSPOT ,1752,8428.28,350,7,253
84664,CHERRY BLOSSOM BATHROOM CABINET,193,955.35,51,8,253
21158,MOODY GIRL DOOR HANGER ,2613,1832.7,310,4,252
22357,KINGS CHOICE BISCUIT TIN,2094,9454.32,462,5,250
21781,MA CAMPAGNE CUTLERY BOX,671,10364.92,363,6,248
22185,SLATE TILE NATURAL HANGING,3968,6338.03,462,4,248
84596G,SMALL CHOCOLATES PINK BOWL,2233,1448.67,348,4,247
21917,SET 12 KIDS  WHITE CHALK STICKS,8082,3358.33,467,5,246
22816,CARD MOTORBIKE SANTA,7422,3210.99,436,5,246
22291,"SPRING DEC , HANGING CHICK CREAM",3223,4456.429999999999,264,6,246
22735,RIBBON REEL SOCKS AND MITTENS,1499,2670.85,231,5,245
21534,DAIRY MAID LARGE MILK JUG,959,4877.81,342,5,245
72802B,OCEAN SCENT CANDLE IN JEWELLED BOX,1590,4394.94,212,5,245
22838,3 TIER CAKE TIN RED AND CREAM,940,13579.16,271,5,241
20716,PARTY FOOD SHOPPER BAG,1539,1935.06,246,6,240
22756,LARGE YELLOW BABUSHKA NOTEBOOK ,1217,1412.22,215,5,240
22671,FRENCH LAUNDRY SIGN BLUE METAL,1720,2865.8499999999995,246,5,240
23503,PLAYING CARDS KEEP CALM & CARRY ON,3646,4864.3,335,5,238
22963,JAM JAR WITH BLUE LID,3955,3304.66,319,3,237
22575,METAL MERRY CHRISTMAS WREATH,3199,6876.45,330,6,236
21329,DINOSAURS  WRITING SET ,2126,3857.2,555,4,234
22220,CAKE STAND LOVEBIRD 2 TIER WHITE,747,6905.339999999999,270,7,234
23393,HOME SWEET HOME CUSHION COVER ,807,3230.41,229,6,234
21163,DO NOT TOUCH MY STUFF DOOR HANGER ,2829,1802.52,253,5,233
21111,"SWISS ROLL TOWEL, CHOCOLATE  SPOTS",1409,3300.6,214,6,233
21361,LOVE LARGE WOOD LETTERS ,587,7750.07,286,5,233
46000M,POLYESTER FILLER PAD 45x45cm,2537,3932.3500000000004,353,4,233
15044A,PINK PAPER PARASOL ,4970,13228.550000000001,250,4,232
23147,SINGLE ANTIQUE ROSE HOOK IVORY,1870,2755.1,261,5,231
21355,TOAST ITS - I LOVE YOU ,3527,4315.58,341,6,231
21875,KINGS CHOICE MUG,6860,7953.570000000001,414,5,229
15044D,RED PAPER PARASOL,1598,4568.51,227,4,229
84990,60 GOLD AND SILVER FAIRY CAKE CASES,4276,2077.59,193,5,228
22537,MAGIC DRAWING SLATE DINOSAUR,5902,2439.42,350,5,225
21864,UNION JACK FLAG PASSPORT COVER ,1965,4692.08,411,3,223
22582,PACK OF 6 SWEETIE GIFT BOXES,2544,6390.91,295,3,222
22065,CHRISTMAS PUDDING TRINKET POT ,8786,6504.24,456,5,221
22372,AIRLINE BAG VINTAGE WORLD CHAMPION ,618,3158.25,287,4,220
22067,CHOC TRUFFLE GOLD TRINKET POT ,1905,3105.24,252,3,220
21614,SET OF 12 ROSE BOTANICAL T-LIGHTS,1628,4541.12,194,5,218
23118,PARISIENNE JEWELLERY DRAWER ,813,6102.18,258,5,217
22943,CHRISTMAS LIGHTS 10 VINTAGE BAUBLES,2607,12813.52,356,5,216
15044B,BLUE PAPER PARASOL ,1673,4655.94,189,4,216
23289,DOLLY GIRL CHILDRENS BOWL,1622,2013.7,191,3,216
47580,TEA TIME DES TEA COSY,1697,4405.46,344,5,215
22942,CHRISTMAS LIGHTS 10 SANTAS ,1273,9916.68,246,4,215
21171,BATHROOM METAL SIGN ,1860,2601.93,260,6,215
21913,VINTAGE SEASIDE JIGSAW PUZZLES,1157,4430.7,298,4,214
85040A,S/4 PINK FLOWER CANDLES IN BOWL,2090,3684.5599999999995,400,4,213
22349,"DOG BOWL , CHASING BALL DESIGN",2588,10619.289999999999,366,4,212
21159,MOODY BOY  DOOR HANGER ,2118,1463.1599999999999,250,4,212
22362,GLASS JAR PEACOCK BATH SALTS,768,2472.48,253,5,212
46000S,POLYESTER FILLER PAD 40x40cm,3486,5054.7,380,5,212
23144,ZINC T-LIGHT HOLDER STARS SMALL,5089,4197.83,274,5,210
23291,DOLLY GIRL CHILDRENS CUP,1635,2060.28,195,3,209
21865,PINK UNION JACK  PASSPORT COVER ,908,2115.06,297,3,209
21432,SET OF 3 CASES WOODLAND DESIGN,943,5441.860000000001,237,5,209
22402,MAGNETS PACK OF 4 VINTAGE COLLAGE,3450,3036.4700000000003,250,4,209
23032,DRAWER KNOB CRACKLE GLAZE IVORY,2342,3876.7799999999997,199,4,208
85206A,CREAM FELT EASTER EGG BASKET,2358,4034.0599999999995,318,3,208
23286,BLUE VINTAGE SPOT BEAKER,5048,4747.62,222,3,207
22945,CHRISTMAS METAL TAGS ASSORTED ,7857,7722.19,338,5,206
23342,MINT DINER WALL CLOCK,375,3193.41,163,5,206
21486,PINK HEART DOTS HOT WATER BOTTLE,1154,3794.0499999999997,294,5,205
22564,ALPHABET STENCIL CRAFT,4630,5296.400000000001,343,2,205
72807B,SET/3 OCEAN SCENT CANDLE JEWEL BOX,1093,4803.03,225,5,205
23297,SET 40 HEART SHAPE PETIT FOUR CASES,4303,6792.23,161,4,204
22723,SET OF 6 HERB TINS SKETCHBOOK,1169,4282.570000000001,295,4,203
22376,AIRLINE BAG VINTAGE JET SET WHITE,548,2744.57,246,4,202
23031,DRAWER KNOB CRACKLE GLAZE PINK,1296,2181.9999999999995,155,4,200
23241,TREASURE TIN GYMKHANA DESIGN,2184,4709.070000000001,363,5,200
22359,GLASS JAR KINGS CHOICE,1297,4120.07,202,5,200
22691,DOORMAT WELCOME SUNRISE,761,5221.99,218,6,200
22810,SET OF 6 T-LIGHTS SNOWMEN,2312,7092.080000000001,328,3,199
23002,TRAVEL CARD WALLET SKULLS,2145,925.29,192,5,199
22375,AIRLINE BAG VINTAGE JET SET BROWN,615,3109.28,284,4,197
21867,PINK UNION JACK  LUGGAGE TAG,1182,1611.6299999999999,288,3,197
22897,OVEN MITT APPLE DESIGN,1974,2923.91,298,5,197
84510A,SET OF 4 ENGLISH ROSE COASTERS,2439,3309.21,474,4,197
20963,APPLE BATH SPONGE,3646,4937.62,509,3,197
85175,CACTI T-LIGHT CANDLES,15922,6808.38,442,5,196
23389,SPACEBOY MINI BACKPACK,1122,4780.54,237,4,195
21590,KINGS CHOICE CIGAR BOX MATCHES ,3456,4151.28,286,5,195
22441,GROW YOUR OWN BASIL IN ENAMEL MUG,2726,5910.21,472,5,195
22363,GLASS JAR MARMALADE ,783,2312.25,169,5,192
35400,WOODEN BOX ADVENT CALENDAR ,1443,14070.699999999999,419,5,192
22721,SET OF 3 CAKE TINS SKETCHBOOK,1022,4678.71,297,5,191
22066,LOVE HEART TRINKET POT,3458,2745.5499999999997,273,4,191
22843,BISCUIT TIN VINTAGE GREEN,603,3912.51,177,3,190
23012,GLASS APOTHECARY BOTTLE PERFUME,1074,4208.96,246,2,189
22695,WICKER WREATH SMALL,1501,2147.3199999999997,225,4,189
21059,PARTY INVITES DINOSAURS,1621,1369.81,221,5,189
23159,SET OF 5 PANCAKE DAY MAGNETS,2321,4771.76,223,4,188
20961,STRAWBERRY BATH SPONGE ,3684,4901.57,514,3,188
21109,"LARGE CAKE TOWEL, CHOCOLATE SPOTS",1185,4573.15,223,4,188
22021,BLUE FELT EASTER EGG BASKET,1439,2473.2099999999996,233,2,186
22904,CALENDAR PAPER CUT DESIGN,3532,11003.04,463,5,186
22466,FAIRY TALE COTTAGE NIGHTLIGHT,5879,10812.369999999999,394,4,186
22175,PINK OWL SOFT TOY,1850,5372.77,363,3,183
22070,SMALL RETRO SPOT MUG IN BOX  RED,1853,5768.99,320,3,183
21713,CITRONELLA CANDLE FLOWERPOT,2783,5254.66,391,3,181
23287,RED VINTAGE SPOT BEAKER,1891,1613.59,198,3,181
84270,ASSTD DESIGN BUBBLE GUM RING,23013,4840.47,476,5,181
20966,SANDWICH BATH SPONGE,3165,4518.18,420,4,181
18098c,PORCELAIN BUTTERFLY OIL BURNER,332,1682.01,135,3,179
22800,ANTIQUE TALL SWIRLGLASS TRINKET POT,1211,4924.62,268,3,179
22046,TEA PARTY  WRAPPING PAPER ,6375,2613.5,208,4,179
22132,RED LOVE HEART SHAPE CUP,3361,3011.5099999999998,388,4,179
72802A,ROSE SCENT CANDLE IN JEWELLED BOX,946,3925.9,182,4,179
22283,6 EGG HOUSE PAINTED WOOD,1050,8692.55,382,4,178
22315,200 RED + WHITE BENDY STRAWS,2200,2830.77,387,5,178
23255,CHILDRENS CUTLERY CIRCUS PARADE,1015,4101.37,158,3,177
21528,DAIRY MAID TRADITIONAL TEAPOT ,910,5763.22,257,4,177
23013,GLASS APOTHECARY BOTTLE TONIC,925,3678.11,223,2,177
23165,LARGE CERAMIC TOP STORAGE JAR,3118,5147.66,280,3,176
23285,PINK VINTAGE SPOT BEAKER,4807,4572.41,191,3,176
23014,GLASS APOTHECARY BOTTLE ELIXIR,858,3427.4800000000005,209,2,174
22208,WOOD STAMP SET THANK YOU,2405,3113.4799999999996,433,3,174
22673,FRENCH GARDEN SIGN BLUE METAL,1350,1707.52,195,4,174
15044C,PURPLE PAPER PARASOL,973,3050.88,231,3,172
23110,PARISIENNE KEY CABINET ,702,4158.68,255,4,172
23288,GREEN VINTAGE SPOT BEAKER,4625,4444.2300000000005,185,3,172
23309,SET OF 60 I LOVE LONDON CAKE CASES ,8332,4527.2,407,4,171
22199,FRYING PAN RED POLKADOT ,1863,7643.67,405,3,169
23232,WRAP VINTAGE PETALS  DESIGN,8626,3478.92,238,4,168
22526,WHEELBARROW FOR CHILDREN ,546,6727.91,207,5,167
22148,EASTER CRAFT 4 CHICKS ,3247,6499.79,299,5,167
23306,SET OF 36 DOILIES PANTRY DESIGN,2808,4123.38,277,4,165
21327,SKULLS WRITING SET ,1967,3476.9399999999996,495,3,165
22613,PACK OF 20 SPACEBOY NAPKINS,3065,2432.47,273,4,164
23029,DRAWER KNOB CRACKLE GLAZE GREEN,1352,2303.9199999999996,156,3,164
22580,ADVENT CALENDAR GINGHAM SACK,2362,13420.52,495,5,164
21811,CHRISTMAS HANGING HEART WITH BELL,6461,4742.29,382,3,162
84880,WHITE WIRE EGG HOLDER,1807,10308.11,375,4,162
20829,GLITTER HANGING BUTTERFLY STRING,4850,9892.24,481,3,161
23395,BELLE JARDINIERE CUSHION COVER,761,3305.83,210,3,161
22155,STAR DECORATION RUSTIC,6332,2855.22,340,4,161
22168,"ORGANISER WOOD, ANTIQUE WHITE ",674,5603.43,312,4,161
23571,TRADITIONAL NAUGHTS & CROSSES,2859,6436.61,257,4,161
22419,LIPSTICK PEN RED,7067,3374.5499999999997,509,3,161
21116,OWL DOORSTOP,1386,8099.22,534,3,161
84596L,BISCUITS SMALL BOWL LIGHT BLUE,1543,1023.14,255,3,160
20752,RETRO BLUE SPOTTY WASHING UP GLOVES,1536,2960.6800000000003,358,3,160
22478,BIRDHOUSE GARDEN MARKER ,2784,3867.19,317,3,160
22896,PEG BAG APPLE DESIGN,2096,5299.12,367,4,159
21787,RAIN PONCHO WITH RED SPOTS,15192,11993.16,469,4,159
85206B,PINK FELT EASTER EGG BASKET,1543,2485.5499999999997,183,2,158
22245,"HOOK, 1 HANGER ,MAGIC GARDEN",4717,4063.49,413,3,158
21112,"SWISS ROLL TOWEL, PINK  SPOTS",2234,5531.5,189,4,157
23534,STOP FOR TEA WALL ART,1388,8614.85,260,4,157
22400,MAGNETS PACK OF 4 HOME SWEET HOME,2473,2072.29,234,3,156
79029,GLASS HONEYPOT WASP CATCHER,2958,5501.12,343,4,156
23396,BUTTERFLY CUSHION COVER,662,2780.5299999999997,196,3,156
23166,MEDIUM CERAMIC TOP STORAGE JAR,78033,81700.92000000001,247,2,156
22436,12 COLOURED PARTY BALLOONS,4295,2739.05,289,4,156
23681,LUNCH BAG RED VINTAGE DOILY,1577,2526.69,132,4,155
23006,TRAVEL CARD WALLET FLOWER MEADOW,1764,765.27,173,4,155
22187,GREEN CHRISTMAS TREE CARD HOLDER,2159,7117.75,364,4,155
23156,SET OF 5 MINI GROCERY MAGNETS,1672,3437.85,205,3,155
85040B,SET/4 BLUE FLOWER CANDLES IN BOWL,2480,3865.0499999999997,252,3,155
23330,DECORATIVE WICKER HEART MEDIUM,1804,2299.47,216,3,155
22852,ENAMEL DOG BOWL CREAM,565,2467.11,160,3,155
22203,MILK PAN RED RETROSPOT,1416,5537.49,392,3,155
22853,ENAMEL CAT BOWL CREAM,646,2208.82,146,3,154
21452,TOADSTOOL MONEY BOX,1952,5984.360000000001,408,4,154
22450,SILK PURSE RUSSIAN DOLL BLUE,874,2939.1200000000003,180,2,153
21927,BLUE/CREAM STRIPE CUSHION COVER ,1284,1758.24,192,3,153
21466,RED FLOWER CROCHET FOOD COVER,937,3517.29,275,4,153
22957,SET 3 PAPER VINTAGE CHICK PAPER EGG,1778,5023.5,214,4,152
21679,SKULLS  STICKERS,4955,4109.15,370,4,151
79323LP,LIGHT PINK CHERRY LIGHTS,1433,8481.19,170,2,150
23480,MINI LIGHTS WOODLAND MUSHROOMS,1800,6726.64,215,3,150
22894,TABLECLOTH RED APPLES DESIGN ,569,5228.78,192,4,150
21878,PACK OF 6 SANDCASTLE FLAGS ASSORTED,5596,4595.79,403,4,150
21810,CHRISTMAS HANGING STAR WITH BELL,7114,4496.76,344,3,149
23146,TRIPLE HOOK ANTIQUE IVORY ROSE,801,2655.13,227,3,148
23028,DRAWER KNOB CRACKLE GLAZE BLUE,1375,2387.0299999999997,137,3,148
21106,CREAM SLICE FLANNEL CHOCOLATE SPOT ,801,2455.09,169,3,148
23437, 50'S CHRISTMAS GIFT BAG LARGE,1939,2373.63,131,4,148
37500,TEA TIME TEAPOT IN GIFT BOX,887,6869.719999999999,263,4,148
22498,WOODEN REGATTA BUNTING,1141,6969.4400000000005,381,3,147
20658,RED SPOTTY LUGGAGE TAG,1623,2308.93,353,4,147
23100,SILVER BELLS TABLE DECORATION,2169,2743.13,257,4,147
22813,PACK 3 BOXES BIRD PANNETONE ,4039,7881.03,373,3,147
22480,RED TEA TOWEL CLASSIC DESIGN,2425,2936.83,263,2,146
23302,KNEELING MAT HOUSEWORK  DESIGN,1544,2194.62,230,2,146
21620,S/4 ROSE    BOTANICAL  CANDLE,1105,2236.73,222,4,146
22154,ANGEL DECORATION 3 BUTTONS ,7986,3440.73,317,3,145
23177,TREASURE ISLAND BOOK BOX,2535,5528.04,267,3,145
21529,RETRO SPOT CERAMIC TOASTRACK,513,1824.9400000000003,152,4,145
22618,COOKING SET RETROSPOT,742,7223.15,242,3,145
22076,6 RIBBONS EMPIRE  ,2380,3542.43,375,4,144
85067,CREAM SWEETHEART WALL CABINET,504,8347.59,175,4,144
22075,6 RIBBONS ELEGANT CHRISTMAS ,3384,5122.94,358,3,144
23493,VINTAGE DOILY TRAVEL SEWING KIT,3970,8509.68,415,4,143
22222,CAKE PLATE LOVEBIRD WHITE,1499,6210.34,403,4,143
22414,DOORMAT NEIGHBOURHOOD WITCH ,1192,7249.34,220,4,143
22972,CHILDREN'S SPACEBOY MUG,2001,3436.6099999999997,243,3,143
23230,WRAP ALPHABET DESIGN,8001,3228.42,235,4,143
22451,SILK PURSE RUSSIAN DOLL RED,1397,4725.49,238,2,143
21063,PARTY INVITES JAZZ HEARTS,1492,1286.87,238,4,142
22194,BLACK DINER WALL CLOCK,377,3246.1,160,3,142
22533,MAGIC DRAWING SLATE BAKE A CAKE ,4680,1848.96,231,4,142
22449,SILK PURSE RUSSIAN DOLL PINK,1373,4548.79,308,2,142
21381,MINI WOODEN HAPPY BIRTHDAY GARLAND,5149,8649.91,532,3,141
21115,ROSE CARAVAN DOORSTOP,1262,8065.7300000000005,431,3,141
21609,SET 12 LAVENDER  BOTANICAL T-LIGHTS,1516,4239.400000000001,218,3,140
21126,SET OF 6 GIRLS CELEBRATION CANDLES,2343,2372.98,285,3,140
22849,"BREAD BIN, DINER STYLE, MINT",419,6577.03,162,3,140
21818,GLITTER CHRISTMAS HEART ,4434,2751.29,285,3,140
22153,ANGEL DECORATION STARS ON DRESS,5918,2565.07,283,3,140
22292,"SPRING DEC , HANGING CHICK  YELLOW",2794,3797.0199999999995,222,3,139
22399,MAGNETS PACK OF 4 CHILDHOOD MEMORY,4092,4799.6,277,3,139
23127,DOLLCRAFT GIRL NICOLE,737,3763.9500000000003,194,2,138
22071,SMALL RETRO SPOT MUG IN BOX  WHITE,1552,4442.25,256,2,138
22443,GROW YOUR OWN HERBS SET OF 3,705,5601.05,264,3,138
21431,GREEN GINGHAM FLOWER JEWELLERY BOX,1488,2519.6099999999997,278,2,137
22125,UNION JACK HOT WATER BOTTLE ,658,4118.84,183,4,137
21872,GLAMOROUS  MUG,5125,5213.49,330,3,137
22085,PAPER CHAIN KIT SKULLS ,2546,6907.47,230,3,137
22200,FRYING PAN PINK POLKADOT ,1317,5882.61,357,3,136
23388,WOODLAND MINI BACKPACK,825,3448.69,154,3,136
22186,RED STAR CARD HOLDER,2041,5573.110000000001,345,3,136
21904,HOUSE WRECKING METAL SIGN ,764,1216.22,145,4,136
23570,TRADITIONAL PICK UP STICKS GAME ,2782,4944.37,276,3,136
84971S,SMALL HEART FLOWERS HOOK ,6636,5627.17,459,3,135
23194,GYMKHANNA TREASURE BOOK BOX,1839,4086.37,214,3,135
21472,LADYBIRD + BEE RAFFIA FOOD COVER,1066,4115.32,285,4,135
22293,"SPRING DEC , HANGING CHICK  GREEN",2066,2909.66,225,3,135
22231,JIGSAW TREE WITH BIRDHOUSE,2168,2759.47,297,3,134
21789,KIDS RAIN MAC PINK,2950,2464.19,218,2,134
84509A,ENGLISH ROSE PLACEMATS,1535,5962.14,404,2,134
21407,BROWN CHECK CAT DOORSTOP ,1317,6014.84,453,3,133
23167,SMALL CERAMIC TOP STORAGE JAR ,5847,4476.009999999999,231,2,133
21125,SET 6 FOOTBALL CELEBRATION CANDLES,2169,2270.14,246,3,132
20992,JAZZ HEARTS PURSE NOTEBOOK,6224,3285.58,433,4,132
21788,KIDS RAIN MAC BLUE,3404,2749.74,206,2,132
22839,"CAKE TIN, 3 TIER MINT/IVORY",598,9373.94,260,3,132
22421,LIPSTICK PEN FUSCHIA,4816,2398.21,406,2,132
20960,WATERMELON BATH SPONGE,1908,2570.92,215,3,131
85199S,SMALL HANGING IVORY/RED WOOD BIRD,6156,2855.45,486,4,131
23535,BICYCLE SAFTEY WALL ART,1329,8469.99,215,3,131
22925,BLUE GIANT GARDEN THERMOMETER,506,3108.46,191,3,130
21973,SET OF 36 MUSHROOM PAPER DOILIES,1676,2428.73,210,4,130
23112,PARISIENNE CURIO CABINET,547,4514.58,241,3,129
23162,REGENCY TEA STRAINER,1412,5143.6900000000005,176,4,128
23154,SET OF 4 JAM JAR MAGNETS,2732,5907.360000000001,235,2,127
21211,SET OF 72 SKULL PAPER  DOILIES,2422,3390.29,237,3,127
72349B,SET/6 PURPLE BUTTERFLY T-LIGHTS,2025,4125.6,287,2,127
21248,DOOR HANGER  MUM + DADS ROOM,1050,1309.7,158,4,127
21464,DISCO BALL ROTATOR BATTERY OPERATED,560,2376.0,217,1,127
21463,MIRRORED DISCO BALL ,1376,7629.46,302,1,127
21906,PHARMACIE FIRST AID TIN,1819,13184.050000000001,424,3,126
22459,CAST IRON HOOK GARDEN TROWEL,1394,3440.58,172,2,125
23250,VINTAGE RED TRIM ENAMEL BOWL ,1179,1531.03,110,3,125
21824,PAINTED METAL STAR WITH HOLLY BELLS,2803,2382.3799999999997,211,3,125
22458,CAST IRON HOOK GARDEN FORK,1532,3820.95,173,2,125
21161,KEEP OUT BOYS DOOR HANGER ,2385,1846.12,206,4,125
85231B,CINAMMON SET OF 9 T-LIGHTS,2156,1979.9299999999998,384,2,123
22975,SPACEBOY CHILDRENS EGG CUP,1322,1788.51,193,3,122
22477,WATERING CAN GARDEN MARKER,2443,3398.0299999999997,276,2,122
21819,GLITTER CHRISTMAS STAR ,3938,2323.92,248,2,121
21611,SET OF 12 LILY BOTANICAL T-LIGHTS,754,2193.9900000000002,148,3,121
21313,GLASS HEART T-LIGHT HOLDER ,6889,5926.549999999999,415,3,121
23251,VINTAGE RED ENAMEL TRIM MUG ,1713,2107.0,120,3,120
84849D,HOT BATHS SOAP HOLDER,1574,2645.31,260,3,120
21069,VINTAGE BILLBOARD TEA MUG,5157,5485.68,279,3,120
22926,IVORY GIANT GARDEN THERMOMETER,762,4655.97,216,3,120
22284,HEN HOUSE DECORATION,2508,4090.3999999999996,300,2,119
79000,MOROCCAN TEA GLASS,12282,10001.32,436,3,119
84536A,ENGLISH ROSE NOTEBOOK A7 SIZE,5198,2349.58,613,3,119
84596E,SMALL LICORICE DES PINK BOWL,1136,1149.52,201,3,119
21926,RED/CREAM STRIPE CUSHION COVER ,1011,1327.77,147,2,118
22848,BREAD BIN DINER STYLE PINK,399,6409.7,151,3,118
23082,SET 6 PAPER TABLE LANTERN HEARTS ,2333,8577.51,297,3,118
15060B,FAIRY CAKE DESIGN UMBRELLA,1438,6558.58,449,3,118
20702,PINK PADDED MOBILE,803,3385.95,245,2,118
22176,BLUE OWL SOFT TOY,1201,3598.8,258,1,117
23394,POSTE FRANCE CUSHION COVER,438,1888.9,150,3,117
23569,TRADTIONAL ALPHABET STAMP SET,961,4752.31,192,3,117
22209,WOOD STAMP SET HAPPY BIRTHDAY,1434,1782.8999999999999,257,2,117
22902,TOTE BAG I LOVE LONDON,1797,3680.88,199,3,116
22350,CAT BOWL ,2861,7954.5599999999995,331,1,116
23390,DOLLY GIRL MINI BACKPACK,751,3042.19,163,2,115
84849B,FAIRY SOAP SOAP HOLDER,1972,3309.99,293,3,115
23237,SET OF 4 KNICK KNACK TINS LEAVES ,1054,4278.54,177,3,114
22314,OFFICE MUG WARMER CHOC+BLUE,1163,4088.8300000000004,249,3,114
22416,36 DOILIES SPACEBOY DESIGN ,1973,2769.24,176,3,114
22708,WRAP DOLLY GIRL,5375,2161.5,159,3,114
22479,DAISY GARDEN MARKER,1956,2714.96,214,2,113
23007, SPACEBOY BABY GIFT SET,499,7758.699999999999,184,2,113
21730,GLASS STAR FROSTED T-LIGHT HOLDER,1278,6273.4400000000005,293,2,113
84580,MOUSE TOY WITH PINK T-SHIRT,1086,4163.45,442,3,113
21056,DOCTOR'S BAG SOFT TOY,559,5086.63,195,2,112
23192,BUNDLE OF 3 ALPHABET EXERCISE BOOKS,3533,6142.289999999999,345,3,112
23210,WHITE ROCKING HORSE HAND PAINTED,2902,3617.78,192,3,112
21972,SET OF 36 DINOSAUR PAPER DOILIES,1056,1562.27,171,3,112
21077,SET/20 WOODLAND PAPER NAPKINS ,2793,2060.65,192,3,112
22992,REVOLVER WOODEN RULER ,5236,10379.84,348,2,111
51014A,"FEATHER PEN,HOT PINK",6748,4603.92,376,2,111
23249,VINTAGE RED ENAMEL TRIM PLATE,854,1445.8999999999999,81,3,111
21054,NURSE'S BAG SOFT TOY,394,3645.3999999999996,182,2,111
22859,EASTER TIN BUNNY BOUQUET,1266,2115.5699999999997,165,3,111
22858,EASTER TIN KEEPSAKE,1138,1882.29,139,3,111
22133,PINK LOVE HEART SHAPE CUP,2508,2304.11,327,2,111
82613D,METAL SIGN CUPCAKE SINGLE HOOK,1198,1309.46,271,3,111
85068,CREAM SWEETHEART SHELF + HOOKS,961,6655.1900000000005,197,3,110
23497,CLASSIC CHROME BICYCLE BELL ,2561,3660.37,195,3,110
21467,CHERRY CROCHET FOOD COVER,1031,3286.25,254,3,110
82001S,VINYL RECORD FRAME SILVER,2956,10646.87,230,2,109
21389,IVORY HANGING DECORATION  BIRD,2304,2013.9599999999998,261,3,109
22285,"DECORATION HEN ON NEST, HANGING",2739,4307.53,261,2,109
21082,SET/20 FRUIT SALAD PAPER NAPKINS ,7187,1963.85,163,3,109
47591C,BLUE FAIRY CAKE CHILD'S APRON,1051,2012.43,159,2,108
23004,TRAVEL CARD WALLET PANTRY,2011,906.9399999999999,221,3,107
22653,BUTTON BOX ,3078,5716.639999999999,381,2,107
21626,VINTAGE UNION JACK PENNANT,1515,3060.8999999999996,204,3,106
22639,SET OF 4 NAPKIN CHARMS HEARTS,1679,4097.54,275,2,106
23128,FELTCRAFT BOY JEAN-PAUL KIT,453,2283.41,139,2,106
21619,4 VANILLA BOTANICAL CANDLES,1139,2092.89,212,3,105
23176,ABC TREASURE BOOK BOX ,2167,4697.58,226,2,105
23008,DOLLY GIRL BABY GIFT SET,435,6753.509999999999,133,2,105
22982,PANTRY PASTRY BRUSH,1155,1545.02,212,3,105
23504,PLAYING CARDS JUBILEE UNION JACK,1934,2857.64,208,2,105
22343,PARTY PIZZA DISH RED WHITE SPOT ,3312,1996.51,188,3,105
23252,VINTAGE RED ENAMEL TRIM JUG ,607,2276.61,138,3,104
84837,WHITE SWEETHEARTS CABINET 4 DRAWERS,253,3235.54,143,3,103
22420,LIPSTICK PEN BABY PINK,2118,1020.27,234,2,103
22986,GINGHAM ROSE WRAP,5845,2410.9,204,3,103
21058,PARTY INVITES WOODLAND,2422,2078.5,275,3,103
21925,UNION STRIPE CUSHION COVER ,1217,1582.33,167,2,103
21615,4 LAVENDER BOTANICAL DINNER CANDLES,1187,2377.42,169,3,103
22444,GROW YOUR OWN PLANT IN A CAN ,10419,14233.65,453,3,102
84884A,ANT WHITE WIRE HEART SPIRAL,1722,6312.62,312,2,102
21584,RETRO SPOT SMALL TUBE MATCHES,3876,6246.599999999999,352,3,102
22482,BLUE TEA TOWEL CLASSIC DESIGN,2372,2805.68,214,1,101
22927,GREEN GIANT GARDEN THERMOMETER,502,3221.9100000000003,162,2,101
22210,WOOD STAMP SET BEST WISHES,1618,1952.9999999999998,287,2,101
21062,PARTY INVITES SPACEMAN,1078,897.12,136,3,101
85178,VICTORIAN SEWING KIT,5628,6218.32,313,3,101
23035,DRAWER KNOB CERAMIC IVORY,2209,3226.0899999999997,191,3,100
21809,CHRISTMAS HANGING TREE WITH BELL,3050,2484.64,207,2,100
10002,INFLATABLE POLITICAL GLOBE ,8836,7097.9,362,3,100
23357,HOT WATER BOTTLE SEX BOMB,453,1993.6000000000001,102,3,100
C2,CARRIAGE,273,13676.0,267,3,100
22711,WRAP CIRCUS PARADE,5402,2220.84,181,3,99
23145,ZINC T-LIGHT HOLDER STAR LARGE,2084,1979.4799999999998,169,2,99
22454,MEASURING TAPE RUSSIAN DOLL RED,1540,4310.84,179,2,98
22892,SALT AND PEPPER SHAKERS TOADSTOOLS,3562,4374.56,295,3,98
22452,MEASURING TAPE RUSSIAN DOLL PINK,1371,3629.1000000000004,255,2,98
23340,VINTAGE CHRISTMAS CAKE FRILL,2512,4053.8799999999997,151,3,98
85038,6 CHOCOLATE LOVE HEART T-LIGHTS,2905,6057.64,382,2,98
21541,DINOSAURS WATER TRANSFER TATTOOS ,1907,1636.24,201,2,98
85034C,3 ROSE MORRIS BOXED CANDLES,1325,2643.12,197,3,98
22221,CAKE STAND LOVEBIRD 2 TIER PINK,907,6732.66,156,3,97
22207,FRYING PAN UNION FLAG,3187,13724.41,480,3,97
23426,METAL SIGN DROP YOUR PANTS,1277,3450.21,206,3,97
22974,CHILDRENS DOLLY GIRL MUG,1748,2994.2899999999995,211,2,97
22532,MAGIC DRAWING SLATE LEAP FROG ,2919,1125.47,175,3,97
22650,CERAMIC PIRATE CHEST MONEY BANK,1852,2821.22,282,3,96
23101,SILVER STARS TABLE DECORATION,2037,1744.61,213,2,96
22472,TV DINNER TRAY DOLLY GIRL,1115,5275.9400000000005,250,2,96
72807A,SET/3 ROSE CANDLE IN JEWELLED BOX,972,4476.62,216,2,96
23077,DOUGHNUT LIP GLOSS ,10415,13720.77,344,2,96
22312,OFFICE MUG WARMER POLKADOT,1321,4543.25,269,2,95
21039,RED SPOTTY SHOPPING BAG,1319,3445.6699999999996,228,3,95
21829,DINOSAUR KEYRINGS ASSORTED,15269,3297.9199999999996,409,3,95
21055,TOOL BOX SOFT TOY ,407,4059.16,222,2,95
22611,VINTAGE UNION JACK SHOPPING BAG,909,4353.75,195,3,95
22743,MAKE YOUR OWN FLOWERPOWER CARD KIT,1539,4684.21,351,2,95
23233,WRAP POPPIES  DESIGN,5175,2105.5,158,2,94
22261,FELT EGG COSY WHITE RABBIT ,2119,2041.11,243,2,94
23346,SPACEBOY BEAKER,2632,3117.34,184,2,94
21542,WOODLAND WATER TRANSFER TATTOOS ,1882,1605.0,190,2,93
23148,MINIATURE ANTIQUE ROSE HOOK IVORY,2144,1820.4599999999998,247,2,93
51014L,"FEATHER PEN,LIGHT PINK",3493,2263.1499999999996,226,2,93
22202,MILK PAN PINK RETROSPOT,1094,4415.12,264,2,93
84989A,75 GREEN FAIRY CAKE CASES,2123,1095.07,152,3,93
22604,SET OF 4 NAPKIN CHARMS CUTLERY,2045,5029.0199999999995,247,2,93
22453,MEASURING TAPE RUSSIAN DOLL BLUE,868,2396.17,144,2,92
85065,CREAM SWEETHEART TRAYS,624,7575.44,256,2,92
21588,RETRO SPOT GIANT  TUBE MATCHES,3398,7868.4,284,3,92
23076,ICE CREAM SUNDAE LIP GLOSS,8100,9965.76,277,2,92
21807,WHITE CHRISTMAS STAR DECORATION,3433,1511.53,172,2,91
84279P, CHERRY BLOSSOM  DECORATIVE FLASK,1157,4540.55,299,2,91
22956,36 FOIL HEART CAKE CASES,2617,5130.22,256,2,90
22718,CARD CAT AND TREE ,2691,1178.34,264,2,90
22717,CARD DOG AND BALL ,2444,1036.09,215,2,89
51014C,"FEATHER PEN,COAL BLACK",4390,2845.7799999999997,265,2,88
23078,ICE CREAM PEN LIP GLOSS ,6831,8553.34,257,2,88
22719,"GUMBALL COATHOOK., BLACK & WHITE ",1516,2056.1,235,2,88
21786,RAIN HAT WITH RED SPOTS,7801,3193.59,450,2,88
22914,BLUE COAT RACK PARIS FASHION,600,2881.3,170,2,88
21817,GLITTER CHRISTMAS TREE,1772,1148.06,130,2,87
23111,PARISIENNE SEWING BOX,312,3839.2400000000002,138,2,87
23213,STAR WREATH DECORATION WITH BELL,1683,2139.67,152,2,87
23238,SET OF 4 KNICK KNACK TINS LONDON ,1862,7825.56,274,2,87
21249,WOODLAND  HEIGHT CHART STICKERS ,1686,4862.04,259,2,86
22599,CHRISTMAS MUSICAL ZINC STAR,3135,1991.29,189,2,85
23083,SET 6 PAPER TABLE LANTERN STARS ,1933,7254.650000000001,246,2,85
21883,STARS GIFT TAPE ,2414,1244.4,226,2,85
23212,HEART WREATH DECORATION WITH BELL,2300,2865.89,186,2,85
22597,CHRISTMAS MUSICAL ZINC HEART ,4657,2811.83,291,2,85
20703,BLUE PADDED SOFT MOBILE,475,2010.47,169,1,84
22241,"GARLAND , WOODEN  "" HAPPY EASTER""",4379,5899.92,474,2,84
22913,RED COAT RACK PARIS FASHION,462,2179.3900000000003,122,2,84
85174,S/4 CACTI CANDLES,1534,7555.39,357,2,83
37502,TEA TIME MUG IN GIFT BOX,872,2611.59,171,2,83
21896,POTTING SHED TWINE,2412,5011.31,290,2,83
22405,MONEY BOX POCKET MONEY DESIGN,1674,2035.9,217,2,83
21806,WHITE CHRISTMAS HEART DECORATION,2717,1183.6299999999999,128,2,83
21465,PINK FLOWER CROCHET FOOD COVER,796,2886.8900000000003,187,2,83
84536B,FAIRY CAKES NOTEBOOK A7 SIZE,3541,1583.91,399,2,82
23526,DOG LICENCE WALL ART,1012,6021.4,143,2,82
22779,WOODEN OWLS LIGHT GARLAND ,2024,7666.639999999999,193,1,82
22780,LIGHT GARLAND BUTTERFILES PINK,1850,6963.38,179,1,82
22930,BAKING MOULD HEART MILK CHOCOLATE,1200,3049.0,189,2,81
23129,HEART SHAPED HOLLY WREATH,950,3999.5000000000005,172,2,81
21613,S/12 VANILLA  BOTANICAL T-LIGHTS,636,1873.2500000000002,145,2,81
22338,STAR DECORATION PAINTED ZINC ,6154,2198.11,264,2,81
21924,BLUE/CREAM STRIPE FRINGE HAMMOCK,315,2486.6600000000003,123,2,81
85042,ANTIQUE LILY FAIRY LIGHTS,2686,12239.51,292,2,81
22860,EASTER TIN CHICKS PINK DAISY,623,1078.9999999999998,111,2,81
22277,COSMETIC BAG VINTAGE ROSE PAISLEY,1443,3028.34,250,2,81
22540,MINI JIGSAW CIRCUS PARADE ,6286,2464.09,189,2,81
79067,CORONA MEXICAN TRAY,1662,6593.83,396,2,80
23102,SILVER HEARTS TABLE DECORATION,1288,1086.6499999999999,157,2,80
23010,CIRCUS PARADE BABY GIFT SET,316,4896.549999999999,111,2,80
22228,BUNNY WOODEN PAINTED WITH BIRD ,1729,1458.3,275,2,80
22991,GIRAFFE WOODEN RULER,3889,7608.79,274,1,80
21749,LARGE RED SPOT WINDMILL,5661,10997.820000000002,286,1,80
84535B,FAIRY CAKES NOTEBOOK A6 SIZE,2712,1767.18,327,2,80
22854,CREAM SWEETHEART EGG HOLDER,1173,5700.99,244,2,80
21447,12 IVORY ROSE PEG PLACE SETTINGS,2799,3872.64,336,2,80
23498,CLASSIC BICYCLE CLIPS ,1644,2378.4799999999996,99,2,80
21805,WHITE CHRISTMAS TREE DECORATION ,2221,957.63,103,2,80
23541,WALL ART CLASSIC PUDDINGS ,872,6823.91,152,2,80
85047,WHITE BEADED GARLAND STRING 20LIGHT,1054,6683.379999999999,236,2,80
22946,WOODEN ADVENT CALENDAR CREAM,992,15485.22,275,2,79
21471,STRAWBERRY RAFFIA FOOD COVER,1419,5144.38,319,2,79
21911,GARDEN METAL SIGN ,2569,4125.639999999999,344,2,79
22642,SET OF 4 NAPKIN CHARMS STARS   ,1000,2376.52,141,2,79
21084,SET/6 COLLAGE PAPER CUPS,2929,1008.8100000000001,223,1,78
21090,SET/6 COLLAGE PAPER PLATES,3119,1736.53,278,1,78
22609,PENS ASSORTED SPACEBALL,7165,2438.18,201,2,78
M,Manual,10050,340716.28,784,2,78
85231G,ORANGE SCENTED SET/9 T-LIGHTS,1496,1304.06,253,1,78
22912,YELLOW COAT RACK PARIS FASHION,338,1606.98,108,2,78
21333,CLASSIC WHITE FRAME,1082,3268.8,222,2,77
22610,PENS ASSORTED FUNNY FACE,12757,5153.28,287,2,77
23193,BUFFALO BILL TREASURE BOOK BOX,1930,4097.28,175,2,77
22311,OFFICE MUG WARMER BLACK+SILVER ,2154,6923.9,300,2,77
16016,LARGE CHINESE STYLE SCISSOR,2338,1891.1,106,2,77
21563,RED HEART SHAPE LOVE BUCKET ,2802,6931.790000000001,362,1,77
17091J,VANILLA INCENSE IN TIN,4086,2297.99,178,2,77
21564,PINK  HEART SHAPE LOVE BUCKET ,1968,4580.570000000001,294,1,77
84459B,YELLOW METAL CHICKEN HEART ,1480,2358.5699999999997,213,2,76
85014D,PINK/BROWN DOTS RUFFLED UMBRELLA,1919,6670.4,90,2,76
22344,PARTY PIZZA DISH PINK+WHITE SPOT ,1596,819.75,133,2,76
23552,BICYCLE PUNCTURE REPAIR KIT ,1864,3883.99,116,2,76
22345,PARTY PIZZA DISH BLUE+WHITE SPOT ,1483,724.6899999999999,128,2,75
16014,SMALL CHINESE STYLE SCISSOR,30370,9839.4,93,2,75
22410,MONEY BOX HOUSEKEEPING DESIGN,1366,1671.21,198,2,75
75049L,LARGE CIRCULAR MIRROR MOBILE,13993,13186.31,344,2,75
47591B,SCOTTIES DES CHILD'S APRON,1114,1795.5,281,2,74
23197,SKETCHBOOK MAGNETIC SHOPPING LIST,1492,2323.7999999999997,249,2,74
37501,TEA TIME TEA SET IN GIFT BOX,490,3478.6600000000003,177,2,74
23196,RETRO LEAVES MAGNETIC NOTEPAD,1876,2848.04,298,2,74
21070,VINTAGE BILLBOARD MUG ,2063,2124.75,229,2,74
21880,RED AND WHITE SPOT TAPE,2519,1314.24,329,2,73
85199L,LARGE HANGING IVORY & RED WOOD BIRD,3545,2344.15,272,2,73
22093,MOTORING TISSUE BOX,2376,1464.33,275,2,73
23242,TREASURE TIN BUFFALO BILL ,1476,3037.11,214,1,73
21993,FLORAL FOLK STATIONERY SET,2907,5366.54,577,2,73
22107,PIZZA PLATE IN BOX,1280,5050.01,369,1,73
22539,MINI JIGSAW DOLLY GIRL,5747,2314.5,247,1,72
22598,CHRISTMAS MUSICAL ZINC TREE,1799,1137.26,144,2,72
22406,MONEY BOX KINGS CHOICE DESIGN,2523,3195.61,217,2,72
22434,BALLOON PUMP WITH 10 BALLOONS,2587,4811.49,281,2,72
22439,6 ROCKET BALLOONS ,3977,2655.54,363,2,72
22715,CARD WEDDING DAY,2731,1140.67,218,2,71
21677,HEARTS  STICKERS,2176,1909.2099999999998,279,2,71
22320,BIRDS MOBILE VINTAGE DESIGN,602,3568.82,180,2,71
22167,"WALL MIRROR , DIAMANTE OVAL SHAPE",697,6154.3099999999995,303,2,71
23341,PINK DINER WALL CLOCK,308,2749.85,121,2,71
22403,MAGNETS PACK OF 4 VINTAGE LABELS ,1736,1223.8,212,2,71
85132C,CHARLIE AND LOLA FIGURES TINS,2069,5881.19,302,2,71
23229,VINTAGE DONKEY TAIL GAME ,1869,6739.71,256,2,70
21802,CHRISTMAS TREE HEART DECORATION,4738,2070.52,323,2,70
23397,FOOT STOOL HOME SWEET HOME ,489,5097.65,217,2,70
21803,CHRISTMAS TREE STAR DECORATION,4853,2105.22,322,2,70
21060,PARTY INVITES BALLOON GIRL,1288,962.75,151,2,70
21706,"FOLDING UMBRELLA , RED/WHITE SPOT",1360,5111.71,254,2,70
22939,APRON APPLE DELIGHT,708,3560.35,181,2,70
22152,PLACE SETTING WHITE STAR,6357,2698.44,241,1,69
21612,SET 12 WILDFLOWER BOTANICAL T-LIGHT,698,2025.7700000000002,113,2,69
23158,SET OF 5 LUCKY CAT MAGNETS ,2635,5517.99,255,2,69
17003,BROCADE RING PURSE ,71430,14959.19,456,2,69
21680,WOODLAND  STICKERS,2939,2554.1499999999996,268,2,69
21186,WHITE DOVE HONEYCOMB PAPER GARLAND,5277,8540.42,369,2,68
85035C,ROSE 3 WICK MORRIS BOX CANDLE,1380,2759.29,197,2,68
16237,SLEEPING CAT ERASERS,10938,2337.66,580,2,68
21869,POTTING SHED COFFEE MUG,1267,1473.3300000000002,111,1,68
23368,SET 12 COLOUR PENCILS DOLLY GIRL ,2382,1681.5,232,1,68
23367,SET 12 COLOUR PENCILS SPACEBOY ,3285,2495.75,282,1,68
21586,KINGS CHOICE GIANT TUBE MATCHES,2664,6203.7,238,2,67
22592,CARDHOLDER HOLLY WREATH METAL,2001,8043.33,304,2,67
23328,SET 6 SCHOOL MILK BOTTLES IN CRATE,2845,13284.49,405,2,67
22938,CUPCAKE LACE PAPER SET 6,3746,7006.299999999999,273,2,66
22047,EMPIRE GIFT WRAP,8300,3372.0,261,2,66
21833,CAMOUFLAGE LED TORCH,6563,11218.49,444,2,66
23239,SET OF 4 KNICK KNACK TINS POPPIES,853,3399.4900000000002,178,2,66
22304,COFFEE MUG BLUE PAISLEY DESIGN,2428,4816.98,167,1,66
22305,COFFEE MUG PINK PAISLEY DESIGN,2293,4777.83,144,1,66
22740,POLKA DOT PEN,13676,11711.49,300,2,65
23434,3 RAFFIA RIBBONS 50'S CHRISTMAS ,2105,1892.07,199,2,65
79323GR,GREEN CHERRY LIGHTS,532,3209.36,83,2,65
16015,MEDIUM CHINESE STYLE SCISSOR,1573,711.88,65,2,64
15056n,EDWARDIAN PARASOL NATURAL,180,2259.44,116,1,64
21830,ASSORTED CREEPY CRAWLIES,8119,3380.94,256,2,64
22440,BALLOON WATER BOMB PACK OF 35,8676,3463.67,292,2,64
22705,WRAP GREEN PEARS ,3883,1630.86,151,1,64
22074,6 RIBBONS SHIMMERING PINKS ,2165,2231.19,287,2,64
84950,ASSORTED COLOUR T-LIGHT HOLDER,8027,5331.650000000001,274,2,63
22819,"BIRTHDAY CARD, RETRO SPOT",3379,1431.6,331,2,63
22497,SET OF 2 TINS VINTAGE BATHROOM ,947,4349.33,279,2,63
21617,4 LILY  BOTANICAL DINNER CANDLES,854,2202.51,169,2,63
21616,4 PEAR BOTANICAL DINNER CANDLES,1164,2503.58,191,2,63
84212,"ASSORTED FLOWER COLOUR ""LEIS""",24801,11966.04,277,2,62
21801,CHRISTMAS TREE DECORATION WITH BELL,3789,1633.83,258,2,62
21823,PAINTED METAL HEART WITH HOLLY BELL,2487,2480.33,212,1,62
22660,DOORMAT I LOVE LONDON,891,5924.93,194,2,62
21096,SET/6 FRUIT SALAD  PAPER PLATES,15924,2715.96,143,1,62
21088,SET/6 FRUIT SALAD PAPER CUPS,16615,1816.73,136,1,62
22976,CIRCUS PARADE CHILDRENS EGG CUP ,1235,1607.82,149,2,62
22474,SPACEBOY TV DINNER TRAY,987,4845.06,254,1,62
21845,DAIRY MAID STRIPE MUG,2540,3812.3,158,2,62
85227,SET/6 3D KIT CARDS FOR KIDS,3553,3197.0699999999997,442,2,61
22262,FELT EGG COSY CHICKEN,2058,1986.36,306,1,61
22608,PENS ASSORTED FUNKY JEWELED ,5772,1582.31,170,2,61
21214,SET OF 72 IVORY PAPER DOILIES,2007,2922.27,199,2,60
22955,36 FOIL STAR CAKE CASES ,1490,2975.57,185,1,60
84279B,CHERRY BLOSSOM DECORATIVE FLASK,811,3088.17,215,1,60
23314,VINTAGE CHRISTMAS TABLECLOTH,409,5037.96,117,2,60
22744,MAKE YOUR OWN MONSOON CARD KIT,1565,4414.1900000000005,300,1,60
22495,SET OF 2 ROUND TINS CAMEMBERT ,956,2735.44,237,1,59
84559B,3D SHEET OF CAT STICKERS,1234,1102.02,195,1,59
22442,GROW YOUR OWN FLOWERS SET OF 3,877,4852.7699999999995,172,1,59
35810A,ENAMEL PINK COFFEE CONTAINER,1206,1605.57,171,1,59
35809A,ENAMEL PINK TEA CONTAINER,1139,1671.82,177,1,59
84559A,3D SHEET OF DOG STICKERS,1359,1227.51,230,1,59
22496,SET OF 2 ROUND TINS DUTCH CHEESE,736,2010.8400000000001,193,1,59
84873a,FUNKY FLOWER PICNIC BAG FOR 4,88,973.36,59,1,58
22967,SET 3 SONG BIRD PAPER EGGS ASSORTED,1173,3277.3100000000004,138,1,58
22589,CARDHOLDER GINGHAM STAR,1389,3845.52,238,1,58
84519B,CARROT CHARLIE+LOLA COASTER SET,871,1905.47,214,1,56
84519A,TOMATO CHARLIE+LOLA COASTER SET,1208,2815.01,203,1,56
21395,BLUE SPOTTY BEAKER ,2980,1415.6399999999999,115,1,56
21394,RED SPOTTY BEAKER ,4005,1864.6299999999999,150,1,56
22781,GUMBALL MAGAZINE RACK,890,7259.42,307,1,56
23345, DOLLY GIRL BEAKER,2455,2891.25,174,1,54
22233,JIGSAW RABBIT AND BIRDHOUSE,953,1215.6499999999999,164,1,54
22789,T-LIGHT HOLDER SWEETHEART HANGING,1276,2498.16,196,1,53
21482,MUSHROOM BLUE HOT WATER BOTTLE,744,2308.56,184,1,52
21192,WHITE BELL HONEYCOMB PAPER ,2237,4043.89,216,1,52
21191,LARGE WHITE HONEYCOMB PAPER BELL  ,1544,3610.52,201,1,52
23081,GREEN METAL BOX ARMY SUPPLIES,484,4046.5,139,1,51
23080,RED METAL BOX TOP SECRET,1079,9158.87,257,1,51
85183B,CHARLIE & LOLA WASTEPAPER BIN FLORA,1775,2799.2599999999998,171,1,51
85183A,CHARLIE & LOLA WASTEPAPER BIN BLUE,1512,2275.75,141,1,51
21923,RED/CREAM STRIPE FRINGE HAMMOCK,339,2678.54,119,1,50
22977,DOLLY GIRL CHILDRENS EGG CUP,1061,1397.66,140,1,50
23130,MISTLETOE HEART WREATH GREEN,962,3988.98,184,1,50
22166,"WALL MIRROR , RECT DIAMANTE, PINK/",454,3705.4900000000002,159,1,49
23375,50'S CHRISTMAS PAPER GIFT BAG,1352,1108.8899999999999,103,1,49
22218,CAKE STAND LACE WHITE,1235,5378.41,264,1,48
21587,COSY HOUR GIANT TUBE MATCHES,2211,5508.45,260,1,48
22494,EMERGENCY FIRST AID TIN ,2860,3857.23,468,1,48
21272,SALLE DE BAIN HOOK,2384,3163.65,339,1,47
22229,BUNNY WOODEN PAINTED WITH FLOWER ,1007,845.3,185,1,47
22230,JIGSAW TREE WITH WATERING CAN,1659,1135.78,193,1,47
23438, RED SPOT GIFT BAG LARGE,1823,2227.42,109,1,46
23374,RED SPOT PAPER GIFT BAG,2456,1962.83,131,1,46
23211,RED ROCKING HORSE HAND PAINTED,2331,2933.07,160,1,46
84581,DOG TOY WITH PINK CROCHET SKIRT,513,1947.65,234,1,46
17091A,LAVENDER INCENSE IN TIN,2096,1298.77,117,1,46
22481,BLACK TEA TOWEL CLASSIC DESIGN,1305,1349.34,219,1,45
84970s,HANGING HEART ZINC T-LIGHT HOLDER,387,813.86,98,1,45
22339,CHRISTMAS TREE PAINTED ZINC ,3552,1407.5000000000002,145,1,44
82613B,"METAL SIGN,CUPCAKE SINGLE HOOK",905,1005.64,223,1,44
37340,MULTICOLOUR SPRING FLOWER MUG,13680,3932.18,204,1,44
84459A,PINK METAL CHICKEN HEART ,1272,2066.32,201,1,43
21446,12 RED ROSE PEG PLACE SETTINGS,1277,1697.36,232,1,43
22060,LARGE CAKE STAND HANGING HEARTS,737,5719.21,158,1,43
18098C,PORCELAIN BUTTERFLY OIL BURNER,1264,3375.76,236,1,43
22172,METAL SHELF WITH RAIL ,378,3451.82,185,1,43
23436,GIFT BAG LARGE VINTAGE CHRISTMAS,1979,2367.39,114,1,43
23190,BUNDLE OF 3 SCHOOL EXERCISE BOOKS  ,1702,2761.8999999999996,202,1,43
23373,VINTAGE CHRISTMAS PAPER GIFT BAG,1608,1313.3899999999999,100,1,43
84975,HEART SHAPED MIRROR,2015,3308.65,212,1,43
21356,TOAST ITS - FAIRY FLOWER,1624,2071.8,349,1,42
22223,CAKE PLATE LOVEBIRD PINK,728,3374.78,175,1,42
21357,TOAST ITS - DINOSAUR,1399,1841.51,211,1,42
21246,RED SPOTTY BIG BOWL,751,3695.53,209,1,42
22211,WOOD STAMP SET FLOWERS,1538,2033.8999999999999,291,1,42
22710,WRAP I LOVE LONDON ,7209,2831.78,173,1,42
72349b,SET/6 PURPLE BUTTERFLY T-LIGHTS,218,907.35,112,1,42
22342,HOME GARLAND PAINTED ZINC ,1845,2572.58,230,1,41
23494,VINTAGE DOILY DELUXE SEWING KIT ,813,5377.81,205,1,41
22937,BAKING MOULD CHOCOLATE CUPCAKES,1024,2695.8399999999997,160,1,41
21421,PORCELAIN ROSE LARGE ,1807,2163.23,105,1,41
21251,DINOSAUR HEIGHT CHART STICKER SET,599,1704.6100000000001,132,1,41
21422,PORCELAIN ROSE SMALL,3203,2655.72,147,1,41
20996,JAZZ HEARTS ADDRESS BOOK,6343,1707.1100000000001,335,1,41
20686,DOLLY MIXTURE CHILDREN'S UMBRELLA,605,2069.19,186,1,41
21765,HANGING METAL BIRD BATH,381,3155.89,143,1,41
23275,SET OF 3 HANGING OWLS OLLIE BEAK,3749,4557.97,325,1,41
22341,LOVE GARLAND PAINTED ZINC ,3483,5728.709999999999,240,1,41
21557,SET OF 6 FUNKY BEAKERS,956,3259.8900000000003,302,1,41
72799E,IVORY PILLAR CANDLE SILVER FLOCK,1265,2699.2200000000003,178,1,40
22336,DOVE DECORATION PAINTED ZINC ,4736,2296.65,214,1,40
72800E,4 IVORY DINNER CANDLES SILVER FLOCK,1459,2772.4,286,1,40
21707,"FOLDING UMBRELLA , BLACK/BLUE  SPOT",1010,4209.7,172,1,40
85176,SEWING SUSAN 21 NEEDLE SET,2776,2331.3799999999997,306,1,40
22318,FIVE HEART HANGING DECORATION,1626,5119.710000000001,389,1,40
23372,SET 36 COLOUR PENCILS DOLLY GIRL,1391,1752.79,147,1,40
22396,MAGNETS PACK OF 4 RETRO PHOTO,1917,1453.66,184,1,40
23371,SET 36 COLOUR PENCILS SPACEBOY ,1712,2313.53,185,1,40
22931,BAKING MOULD HEART WHITE CHOCOLATE,902,2157.85,129,1,40
21576,LETS GO SHOPPING COTTON TOTE BAG,743,1713.75,205,1,40
21747,SMALL SKULL WINDMILL,2050,2453.6,153,1,40
22985,"WRAP, BILLBOARD FONTS DESIGN",4772,1916.24,136,1,40
22254,FELT TOADSTOOL LARGE,1411,1808.46,148,1,39
15056bl,EDWARDIAN PARASOL BLACK,126,1583.52,87,1,39
22990,COTTON APRON PANTRY DESIGN,638,2942.1800000000003,164,1,39
21398,RED  SPOTTY COFFEE  MUG,2299,2242.41,126,1,39
21399,BLUE  SPOTTY  COFFEE MUG,2392,1559.32,118,1,39
22255,FELT TOADSTOOL  SMALL,1218,1156.78,142,1,39
21992,VINTAGE PAISLEY STATIONERY SET,3437,7039.27,656,1,39
22947,WOODEN ADVENT CALENDAR RED,1026,13111.85,209,1,39
21491,SET OF THREE VINTAGE GIFT WRAPS,2897,5404.0599999999995,248,1,39
23191,BUNDLE OF 3 RETRO NOTE BOOKS,2218,3656.9399999999996,281,1,39
85071B,RED CHARLIE+LOLA PERSONAL DOORSIGN,2448,1360.2,165,1,39
72807c,SET/3 VANILLA SCENTED CANDLE IN BOX,60,511.98,44,1,39
85071A,BLUE CHARLIE+LOLA PERSONAL DOORSIGN,1914,1436.3400000000001,147,1,39
85132A,CHARLIE + LOLA BISCUITS TINS,1365,5293.38,250,1,39
85172,HYACINTH BULB T-LIGHT CANDLES,4479,2361.92,150,1,39
22127,PARTY CONES CARNIVAL ASSORTED,3498,4190.61,155,1,38
21354,TOAST ITS - BEST MUM,2534,3050.82,217,1,38
22069, BROWN  PIRATE TREASURE CHEST ,986,2225.08,267,1,38
22949,36 DOILIES DOLLY GIRL,2028,2888.8799999999997,177,1,38
23508,MINI PLAYING CARDS DOLLY GIRL ,2631,1165.13,120,1,38
23506,MINI PLAYING CARDS SPACEBOY ,2747,1139.2,146,1,38
21827,EIGHT PIECE CREEPY CRAWLIE SET,843,1078.89,134,1,38
85063,CREAM SWEETHEART MAGAZINE RACK,310,5460.639999999999,180,1,38
22128,PARTY CONES CANDY ASSORTED,4013,4872.09,195,1,38
21826,EIGHT PIECE DINOSAUR SET,1833,2383.24,240,1,38
21735,TWO DOOR CURIO CABINET,887,11503.15,262,1,38
22321,BIRD DECORATION RED SPOT,2608,2413.62,305,1,38
22322,BIRD DECORATION GREEN  SPOT,1634,1546.71,272,1,38
23133,LARGE IVORY HEART WALL ORGANISER,782,5525.4,155,1,38
84795B,SUNSET CHECK HAMMOCK,306,2442.69,96,1,38
22309,TEA COSY RED  STRIPE,1344,3517.33,266,1,37
22095,LADS ONLY TISSUE BOX,3379,3637.62,284,1,37
22308,TEA COSY BLUE STRIPE,683,2115.41,214,1,37
21445,12 PINK ROSE PEG PLACE SETTINGS,1539,1912.23,146,1,37
21324,HANGING MEDINA LANTERN SMALL,1031,2898.82,175,1,37
21662,VINTAGE GLASS COFFEE CADDY,274,1782.5600000000002,106,1,37
21661,VINTAGE GLASS TEA CADDY,240,1517.26,98,1,37
15034,PAPER POCKET TRAVELING FAN ,10266,1434.21,255,1,37
20655,QUEEN OF SKIES LUGGAGE TAG,421,619.75,189,1,37
85184C,S/4 VALENTINE DECOUPAGE HEART BOX,2296,4953.66,345,1,37
22792,FLUTED ANTIQUE CANDLE HOLDER,3632,3380.5,262,1,37
85114C,RED ENCHANTED FOREST PLACEMAT,1221,2335.7799999999997,161,1,37
22099,CARAVAN SQUARE TISSUE BOX,2152,1620.79,291,1,37
21675,BUTTERFLIES STICKERS,1829,1620.84,268,1,37
85114B,IVORY ENCHANTED FOREST PLACEMAT,2076,3747.89,223,1,37
85124B,BLUE JUICY FRUIT PHOTO FRAME,366,971.6199999999999,102,1,36
23378,PACK OF 12 50'S CHRISTMAS TISSUES,4003,1842.42,176,1,36
85035A,GARDENIA 3 WICK MORRIS BOXED CANDLE,663,2429.81,178,1,36
20684,STRAWBERRY DREAM CHILDS UMBRELLA,585,1936.87,176,1,36
21683,MEDIUM MEDINA STAMPED METAL BOWL ,962,2837.13,152,1,36
21402,RED  EGG  SPOON,1698,333.42,151,1,36
21403,BLUE EGG  SPOON,2326,529.02,157,1,36
21682,LARGE MEDINA STAMPED METAL BOWL ,579,2866.59,152,1,36
22091,EMPIRE TISSUE BOX,3202,2515.29,324,1,36
72008,FROSTED BOX 9 WHITE T-LIGHT CANDLES,3820,1531.82,215,1,36
22287,"DECORATION , WOBBLY CHICKEN, METAL ",1347,1447.3,121,1,36
82613A,"METAL SIGN,CUPCAKE SINGLE HOOK",533,718.72,116,1,36
22286,"DECORATION , WOBBLY RABBIT , METAL ",1964,2245.2999999999997,195,1,36
85217,ASSORTED ICE CREAM FRIDGE MAGNETS,2875,1985.7500000000002,164,1,36
16236,KITTY PENCIL ERASERS,2666,599.31,260,1,36
23034,DRAWER KNOB CERAMIC BLACK,991,1466.07,88,1,36
85124C,GREEN JUICY FRUIT PHOTO FRAME,449,1185.05,121,1,36
85123a,WHITE HANGING HEART T-LIGHT HOLDER,597,3992.39,99,1,35
21100,CHARLIE AND LOLA CHARLOTTE BAG,2553,3824.13,269,1,35
15058A,BLUE WHITE SPOTS GARDEN PARASOL,476,3153.73,148,1,35
22890,NOVELTY BISCUITS CAKE STAND 3 TIER,839,8213.47,260,1,35
23068,ALUMINIUM STAMPED HEART,813,1976.89,136,1,35
23103,BELL HEART DECORATION,4080,6859.359999999999,365,1,35
22428,ENAMEL FIRE BUCKET CREAM,480,3540.58,191,1,35
21494,ROTATING LEAVES T-LIGHT HOLDER,3932,6670.58,501,1,35
22984,"CARD, GINGHAM ROSE ",3410,1396.78,214,1,35
84510a,SET OF 4 ENGLISH ROSE COASTERS,76,188.20999999999998,58,1,35
15058B,PINK WHITE SPOTS GARDEN PARASOL,438,3327.67,156,1,35
20668,DISCO BALL CHRISTMAS DECORATION,21916,2570.81,367,1,35
71038,WHITE HANGING BEADS CANDLE HOLDER,729,3854.65,144,1,35
23160,REGENCY TEA SPOON,1462,1809.48,76,1,35
22742,MAKE YOUR OWN PLAYTIME CARD KIT,1017,2526.2700000000004,180,1,35
23161,REGENCY CAKE FORK,1715,2145.3,98,1,35
22249,DECORATION WHITE CHICK MAGIC GARDEN,1654,1449.96,243,1,34
22483,RED GINGHAM TEDDY BEAR ,1901,5529.070000000001,349,1,34
22822,CREAM WALL PLANTER HEART SHAPED,608,3534.77,183,1,34
22741,FUNKY DIVA PEN,10721,9248.689999999999,292,1,34
22307,GOLD MUG BONE CHINA TREE OF LIFE,1272,1942.18,118,1,34
85034A,3 GARDENIA MORRIS BOXED CANDLES,859,2411.07,135,1,34
22306,SILVER MUG BONE CHINA TREE OF LIFE,1710,2474.79,163,1,34
23435,3 RAFFIA RIBBONS VINTAGE CHRISTMAS,827,734.7900000000001,99,1,34
22313,OFFICE MUG WARMER PINK,1023,3260.17,137,1,34
22190,LOCAL CAFE MUG,1428,2660.31,242,1,34
22247,BUNNY DECORATION MAGIC GARDEN,1190,1027.8899999999999,182,1,34
21990,MODERN FLORAL STATIONERY SET,2500,4646.23,497,1,34
72801d,S/4 SKY BLUE DINNER CANDLES,103,254.98,61,1,34
22036,DINOSAUR BIRTHDAY CARD,1673,705.19,135,1,34
85053,FRENCH ENAMEL CANDLEHOLDER,2046,4401.12,378,1,33
21187,WHITE BELL HONEYCOMB PAPER GARLAND ,1446,2409.3199999999997,144,1,33
84674,FLYING PIG WATERING CAN,468,1202.49,106,1,33
22260,FELT EGG COSY BLUE RABBIT ,1576,1618.2099999999998,241,1,33
22278,OVERNIGHT BAG VINTAGE ROSE PAISLEY,1066,6292.01,383,1,33
21473,SWEETHEART CREAM STEEL TABLE RECT,157,3212.16,90,1,33
23182,TOILET SIGN OCCUPIED OR VACANT,3777,3718.0899999999997,433,1,33
47503A,ASS FLORAL PRINT MULTI SCREWDRIVER,2878,1416.84,195,1,33
23315,IVORY REFECTORY CLOCK,213,2094.24,86,1,33
47504K,ENGLISH ROSE GARDEN SECATEURS,2673,3138.49,312,1,33
21474,SWEETHEART CREAM STEEL FOLDIN BENCH,210,4189.5,94,1,33
21224,SET/4 SKULL BADGES,2219,2756.95,312,1,33
23427,STOOL HOME SWEET HOME ,238,2873.08,114,1,33
23188,VINTAGE  2 METER FOLDING RULER,3473,6451.07,333,1,33
35095B,RED VICTORIAN FABRIC OVAL BOX,1964,773.78,177,1,33
21358,TOAST ITS - HAPPY BIRTHDAY,1147,1422.47,222,1,33
22282,12 EGG HOUSE PAINTED WOOD,565,7406.65,216,1,33
23334,IVORY WICKER HEART SMALL,2271,1491.75,130,1,33
23316,RED REFECTORY CLOCK ,251,2511.59,110,1,33
20665,RED SPOTTY PURSE ,1368,4377.370000000001,348,1,33
35095A,BLUE VICTORIAN FABRIC OVAL BOX,1813,728.92,166,1,33
22500,SET OF 2 TINS JARDIN DE PROVENCE,593,2700.56,198,1,32
21562,HAWAIIAN GRASS SKIRT ,678,970.2800000000001,73,1,32
23065,LARGE DECO JEWELLERY STAND,274,3439.94,99,1,32
23066,SMALL DECO JEWELLERY STAND,259,2137.81,85,1,32
85232D,SET/3 DECOUPAGE STACKING TINS,724,3766.17,223,1,32
84840,SWEETHEART CARRY-ALL BASKET,287,2498.76,140,1,32
21625,VINTAGE UNION JACK APRON,1016,7297.42,334,1,32
22905,CALENDAR IN SEASON DESIGN,1090,2998.48,194,1,32
84795C,OCEAN STRIPE HAMMOCK ,325,2752.59,131,1,32
84872a,TEATIME FUNKY FLOWER BACKPACK FOR 2,64,702.5899999999999,45,1,32
22545,MINI JIGSAW BUNNIES,3484,1435.63,184,1,32
21282,NATURAL BARK CANDLE LARGE,369,1577.53,69,1,32
21768,WALL MOUNTED VINTAGE ORGANISER,510,6924.04,163,1,32
22134,LADLE LOVE HEART RED ,2374,1057.57,298,1,32
84596J,MIXED NUTS LIGHT GREEN BOWL,814,629.26,138,1,32
16238,PARTY TIME PENCIL ERASERS,2525,580.1,236,1,32
22346,PARTY PIZZA DISH GREEN+WHITE SPOT ,1316,624.23,103,1,32
22445,PENCIL CASE LIFE IS BEAUTIFUL,1321,4052.1200000000003,275,1,32
85132B,CHARLIE AND LOLA TABLE TINS,922,2795.9,123,1,32
21379, CAMPHOR WOOD PORTOBELLO MUSHROOM,656,726.73,125,1,32
85034B,3 WHITE CHOC MORRIS BOXED CANDLES,1195,2645.64,152,1,32
23536,VILLAGE SHOW WALL ART,626,3442.13,85,1,32
21378,SMALL TALL CAMPHOR WOOD TOADSTOOL,561,730.62,88,1,32
22217,T-LIGHT HOLDER HANGING LACE,2394,2844.85,214,1,32
84795A,PASTEL STRIPE HAMMOCK ,209,1703.97,70,1,32
22325,MOBILE VINTAGE HEARTS ,704,3178.5800000000004,224,1,32
22689,DOORMAT MERRY CHRISTMAS RED ,1094,8382.62,264,1,32
22687,DOORMAT CHRISTMAS VILLAGE,895,5784.67,149,1,32
23270,SET OF 2 CERAMIC PAINTED HEARTS ,1183,1659.37,125,1,32
21283,NATURAL BARK CANDLE SMALL,537,1710.45,81,1,32
21348,PINK SPOTS CHOCOLATE NESTING BOXES ,845,2039.69,133,1,31
21330,WOODLAND ANIMAL  WRITING SET ,1456,2460.6699999999996,201,1,31
22799,SWEETHEART WIRE FRUIT BOWL,255,2037.84,108,1,31
84997a,GREEN 3 PIECE MINI DOTS CUTLERY SET,178,1481.78,81,1,31
21947,SET OF 6 HEART CHOPSTICKS,1711,2351.59,298,1,31
21288,STRIPEY CHOCOLATE NESTING BOXES,993,2595.84,224,1,31
16169E,WRAP 50'S  CHRISTMAS,4563,1892.46,149,1,31
22794,SWEETHEART WIRE MAGAZINE RACK,402,3399.2400000000002,209,1,31
23399,HOME SWEET HOME HANGING HEART,1922,1752.35,225,1,31
85216,ASSORTED CAKES FRIDGE MAGNETS,2867,2165.92,187,1,31
22651,GENTLEMAN SHIRT REPAIR KIT ,3253,2809.8399999999997,270,1,31
82613C,"METAL SIGN,CUPCAKE SINGLE HOOK",776,833.81,187,1,31
22928,YELLOW GIANT GARDEN THERMOMETER,301,2077.02,118,1,31
22146,EASTER CRAFT IVY WREATH WITH CHICK,1417,2640.93,107,1,30
20770,ABSTRACT CIRCLE JOURNAL ,1056,2218.36,201,1,30
20767,BLUE PAISLEY JOURNAL ,819,1759.46,179,1,30
85041,SET/4 PINK ORCHID CANDLES IN BOWL,1858,2498.12,92,1,30
22094,RED POLKA DOT TISSUE BOX,3598,2698.52,339,1,30
23376,PACK OF 12 VINTAGE CHRISTMAS TISSUE,3051,1389.59,155,1,30
23274,STAR T-LIGHT HOLDER WILLIE WINKIE,1183,2009.9499999999998,119,1,30
23299,FOOD COVER WITH BEADS SET 2 ,1015,3784.13,146,1,30
21469,POLKA DOT RAFFIA FOOD COVER,1173,3512.01,210,1,30
21708,FOLDING UMBRELLA  CREAM/MULTI  SPOT,614,2351.33,129,1,30
21705,BAG 500g SWIRLY MARBLES,2563,3210.66,225,1,30
23152,IVORY SWEETHEART WIRE LETTER RACK ,558,2095.65,159,1,30
23132,SMALL IVORY HEART WALL ORGANISER,1034,5219.1,152,1,30
47570B,TEA TIME TABLE CLOTH,979,9686.17,224,1,30
23273,HEART T-LIGHT HOLDER WILLIE WINKIE,969,1649.0499999999997,112,1,30
84031A,CHARLIE+LOLA RED HOT WATER BOTTLE ,1153,4706.52,314,1,30
84031B,CHARLIE LOLA BLUE HOT WATER BOTTLE ,868,3428.64,271,1,30
23235,STORAGE TIN VINTAGE LEAF,739,1957.69,105,1,30
21737,SET 3 WICKER LOG BASKETS,400,7402.5599999999995,164,1,30
21530,DAIRY MAID CERAMIC TOASTRACK,966,1388.13,162,1,30
84509G,FAIRY CAKE PLACEMATS ,806,2060.45,159,1,30
