home_id,relative_compactness,surface_area,wall_area,roof_area,overall_height,orientation,glazing_area,glazing_distribution,wall_insul_rating,window_age,heating_load
H1000,0.684,528.9,280.7,152.7,7.0,3,0.0,0,3.87,3,85.36
H1001,0.85,686.1,330.1,132.3,3.5,2,0.1,5,2.69,16,76.87
H1002,0.788,788.2,352.3,180.9,3.5,5,0.25,1,2.97,20,86.43
H1003,0.753,733.6,249.4,132.7,3.5,2,0.1,5,1.91,15,85.13
H1004,0.748,692.6,298.0,141.0,7.0,5,0.25,4,2.72,15,100.71
H1005,0.905,657.5,311.1,155.2,7.0,4,0.4,4,4.96,11,83.25
H1006,0.946,594.4,284.0,193.1,3.5,4,0.1,5,3.6,9,59.31
H1007,0.684,680.2,367.6,169.7,3.5,2,0.1,2,4.54,5,89.02
H1008,0.855,731.9,283.5,172.2,3.5,2,0.25,3,4.46,19,79.01
H1009,0.727,679.6,345.9,163.5,3.5,2,0.0,1,3.86,4,77.72
H1010,0.968,740.1,386.6,214.5,3.5,3,0.25,2,1.47,27,82.17
H1011,0.951,799.3,403.6,219.7,3.5,2,0.0,5,3.97,8,68.62
H1012,0.849,702.6,275.0,165.1,3.5,4,0.4,0,2.81,29,76.22
H1013,0.891,722.8,283.9,169.3,3.5,3,0.4,0,4.18,26,69.53
H1014,0.805,764.5,291.5,110.8,3.5,2,0.1,1,3.14,9,83.43
H1015,0.917,677.2,303.4,193.9,3.5,4,0.1,3,1.43,29,72.48
H1016,0.781,599.1,293.1,187.0,7.0,5,0.25,3,2.81,2,91.59
H1017,0.742,748.1,365.3,118.4,3.5,2,0.25,2,1.55,3,94.79
H1018,0.72,757.3,325.7,124.3,3.5,4,0.4,1,4.12,6,83.99
H1019,0.701,803.1,253.7,116.3,7.0,2,0.4,0,2.85,27,101.75
H1020,0.809,520.3,279.5,157.3,7.0,5,0.4,5,4.65,29,80.27
H1021,0.775,663.6,287.7,172.4,7.0,2,0.25,1,1.6,9,101.35
H1022,0.859,532.1,377.0,118.7,3.5,2,0.25,2,2.55,22,78.07
H1023,0.625,660.4,267.4,214.5,3.5,5,0.1,3,1.65,6,89.23
H1024,0.781,654.8,261.2,115.8,7.0,2,0.4,4,1.33,7,99.62
H1025,0.751,578.8,353.6,127.1,7.0,2,0.1,4,1.81,2,96.98
H1026,0.69,808.8,259.5,196.8,3.5,2,0.25,3,1.12,11,92.64
H1027,0.834,733.1,365.2,182.0,3.5,2,0.1,3,1.85,5,88.34
H1028,0.777,627.9,275.6,203.4,3.5,3,0.4,3,3.29,12,73.38
H1029,0.728,748.5,353.1,209.8,7.0,5,0.25,4,2.77,3,104.04
H1030,0.695,586.8,304.5,218.2,3.5,5,0.25,2,1.1,28,83.41
H1031,0.935,597.9,258.2,176.9,7.0,4,0.25,1,1.69,8,84.47
H1032,0.907,743.0,364.5,173.2,7.0,4,0.0,3,1.14,5,93.31
H1033,0.838,719.1,245.5,111.6,3.5,2,0.25,0,3.82,29,72.53
H1034,0.744,745.5,373.8,162.1,3.5,2,0.1,3,2.1,11,89.0
H1035,0.961,628.9,399.5,140.9,7.0,3,0.25,1,4.33,27,82.3
H1036,0.823,568.5,280.9,116.8,7.0,4,0.25,5,2.56,24,93.38
H1037,0.776,642.2,327.6,178.2,7.0,5,0.1,0,3.7,23,92.66
H1038,0.944,732.5,368.0,115.0,7.0,2,0.0,4,3.73,13,88.17
H1039,0.735,763.7,296.5,179.3,7.0,2,0.25,2,4.19,22,99.76
H1040,0.871,780.2,347.2,215.9,3.5,4,0.1,0,3.28,8,75.7
H1041,0.733,806.8,250.1,155.9,3.5,5,0.1,1,2.4,14,86.75
H1042,0.714,606.4,300.0,182.1,3.5,2,0.25,3,1.29,6,94.38
H1043,0.872,761.2,295.2,111.0,3.5,3,0.4,5,1.19,8,81.4
H1044,0.702,808.6,359.6,149.1,7.0,5,0.25,3,3.03,20,112.46
H1045,0.798,596.5,351.8,122.1,7.0,5,0.25,0,4.4,12,89.82
H1046,0.829,515.5,361.8,137.9,3.5,5,0.25,5,1.98,27,76.27
H1047,0.688,556.0,395.1,112.7,7.0,3,0.4,0,4.36,18,98.11
H1048,0.883,743.4,405.0,164.1,7.0,5,0.4,5,2.4,15,100.95
H1049,0.817,751.1,262.8,195.5,3.5,3,0.25,5,4.89,15,80.68
H1050,0.844,590.6,354.0,190.5,3.5,2,0.25,1,4.4,10,71.19
H1051,0.754,791.4,303.1,218.2,3.5,2,0.0,1,1.37,16,80.1
H1052,0.771,583.8,299.3,209.2,7.0,4,0.25,5,3.64,9,87.12
H1053,0.798,728.9,386.3,187.8,3.5,4,0.25,0,4.63,9,81.88
H1054,0.789,568.4,335.4,193.6,3.5,4,0.25,4,2.26,4,78.34
H1055,0.863,737.4,320.8,174.1,3.5,5,0.4,0,3.07,4,79.14
H1056,0.828,529.0,277.9,112.0,7.0,2,0.4,4,4.23,20,75.86
H1057,0.77,688.1,371.6,194.2,7.0,3,0.0,4,3.23,18,88.41
H1058,0.621,616.9,393.4,177.6,3.5,2,0.25,5,4.13,5,90.49
H1059,0.906,708.4,359.0,212.7,7.0,3,0.25,1,1.56,21,95.6
H1060,0.807,775.6,368.3,130.5,3.5,5,0.0,3,4.7,12,76.83
H1061,0.738,609.0,263.7,212.5,7.0,4,0.4,0,1.5,29,97.31
H1062,0.8,794.6,299.1,127.9,3.5,3,0.4,0,2.24,21,81.87
H1063,0.654,647.3,325.2,117.1,3.5,4,0.1,4,3.76,25,87.91
H1064,0.946,632.0,378.6,179.6,7.0,4,0.1,5,2.38,22,87.34
H1065,0.976,574.3,261.8,145.7,7.0,5,0.4,3,4.7,18,71.85
H1066,0.641,530.4,280.4,168.6,3.5,5,0.1,0,2.28,12,79.47
H1067,0.749,532.0,407.7,151.5,3.5,2,0.1,2,2.09,16,76.12
H1068,0.883,764.8,269.4,129.9,3.5,4,0.0,0,4.23,13,67.49
H1069,0.733,516.2,370.3,204.3,3.5,5,0.4,0,3.71,5,75.13
H1070,0.824,705.2,315.2,198.3,7.0,4,0.0,4,2.15,18,88.15
H1071,0.77,693.8,394.9,141.5,3.5,5,0.25,1,1.25,18,89.19
H1072,0.899,687.2,256.7,146.7,3.5,5,0.1,5,2.65,5,72.91
H1073,0.965,649.7,370.9,194.2,3.5,4,0.1,4,2.4,0,75.18
H1074,0.94,532.9,407.4,160.1,3.5,5,0.25,5,4.53,4,70.14
H1075,0.844,570.8,364.9,187.0,3.5,2,0.25,4,4.62,10,73.19
H1076,0.678,718.9,307.2,210.9,7.0,5,0.1,1,3.17,4,98.56
H1077,0.961,776.8,410.4,202.1,7.0,4,0.1,3,4.87,2,88.11
H1078,0.629,656.2,382.2,175.7,3.5,5,0.1,0,2.3,4,92.24
H1079,0.727,629.2,361.0,196.7,7.0,3,0.25,1,3.47,29,96.48
H1080,0.721,759.9,290.8,130.4,7.0,2,0.25,4,2.18,20,105.9
H1081,0.862,525.9,373.8,202.7,7.0,5,0.25,2,1.2,22,91.36
H1082,0.795,690.6,400.0,137.4,3.5,4,0.0,0,1.39,10,83.11
H1083,0.653,800.5,354.2,156.5,7.0,4,0.25,4,1.06,7,122.91
H1084,0.625,640.9,310.6,177.0,7.0,3,0.1,0,1.38,4,104.99
H1085,0.838,603.0,412.6,145.7,7.0,3,0.1,4,4.98,24,89.28
H1086,0.797,623.9,255.0,200.9,7.0,2,0.0,3,1.35,8,86.79
H1087,0.836,683.5,300.0,175.4,7.0,3,0.0,5,4.5,11,86.2
H1088,0.823,774.1,409.5,214.5,3.5,5,0.1,0,4.59,9,80.4
H1089,0.941,729.1,350.9,140.7,7.0,3,0.1,2,3.11,10,89.92
H1090,0.951,615.0,261.7,187.0,7.0,2,0.1,0,3.07,26,75.18
H1091,0.688,626.9,341.0,126.9,7.0,5,0.4,5,3.78,19,101.84
H1092,0.959,701.3,415.7,128.9,3.5,5,0.4,4,1.99,25,81.54
H1093,0.904,699.3,403.9,166.7,7.0,4,0.25,5,2.15,7,94.22
H1094,0.85,547.6,297.8,209.1,3.5,4,0.1,5,1.04,14,77.62
H1095,0.857,684.2,287.6,162.0,3.5,4,0.1,5,1.69,1,78.93
H1096,0.817,734.4,290.9,171.4,7.0,3,0.25,0,3.2,23,97.7
H1097,0.95,551.5,282.3,214.6,3.5,4,0.0,0,2.23,15,61.36
H1098,0.704,742.9,278.1,132.4,7.0,3,0.1,4,4.32,18,97.92
H1099,0.836,557.8,296.9,202.5,7.0,2,0.1,1,4.24,26,84.96
H1100,0.913,539.5,379.4,194.1,3.5,2,0.0,0,2.59,1,63.65
H1101,0.669,678.4,335.2,183.3,7.0,4,0.1,3,3.86,7,97.05
H1102,0.842,744.4,283.3,151.7,7.0,4,0.4,2,4.3,23,92.97
H1103,0.765,695.8,388.0,205.3,3.5,2,0.1,3,4.12,13,81.82
H1104,0.896,693.0,319.5,216.7,3.5,2,0.25,5,4.79,2,75.47
H1105,0.644,541.2,271.3,152.4,7.0,2,0.25,2,1.84,1,98.52
H1106,0.838,684.8,352.2,155.9,3.5,4,0.25,5,3.39,23,83.32
H1107,0.929,665.9,254.1,191.0,7.0,3,0.1,0,2.87,29,79.27
H1108,0.846,518.2,248.8,167.7,7.0,5,0.1,0,1.01,6,87.54
H1109,0.736,740.0,378.5,132.7,3.5,4,0.25,5,3.87,3,90.84
H1110,0.856,578.8,297.7,207.9,3.5,5,0.1,5,1.35,20,71.88
H1111,0.742,650.8,351.0,184.3,7.0,4,0.0,2,1.74,22,96.36
H1112,0.861,648.8,321.2,158.5,3.5,4,0.25,4,4.0,5,77.36
H1113,0.666,714.7,415.0,155.3,7.0,5,0.4,1,4.73,10,104.49
H1114,0.721,768.3,260.0,179.3,7.0,2,0.25,3,3.91,22,102.12
H1115,0.632,744.1,413.4,144.0,3.5,3,0.1,0,4.53,2,90.52
H1116,0.65,576.6,363.8,178.1,3.5,2,0.4,3,3.06,8,81.98
H1117,0.82,581.5,415.5,122.9,7.0,4,0.4,3,2.95,27,89.68
H1118,0.703,640.4,276.7,153.1,7.0,4,0.25,4,2.14,3,101.23
H1119,0.806,621.8,295.4,198.9,3.5,3,0.1,1,1.28,3,79.29
H1120,0.857,726.1,265.2,125.3,7.0,3,0.1,1,1.67,23,89.62
H1121,0.937,675.6,414.2,187.1,7.0,5,0.25,4,1.89,1,96.66
H1122,0.748,646.9,295.0,188.5,7.0,3,0.1,1,4.49,7,93.76
H1123,0.735,692.3,287.4,191.5,3.5,4,0.1,0,1.01,11,91.36
H1124,0.733,626.4,338.0,113.6,3.5,4,0.25,3,2.69,29,85.34
H1125,0.662,767.1,396.1,200.9,3.5,3,0.25,1,4.89,4,97.02
H1126,0.859,734.5,338.2,138.6,7.0,4,0.4,4,4.63,13,86.73
H1127,0.915,748.8,247.6,129.1,3.5,3,0.0,2,1.44,21,76.42
H1128,0.79,806.4,300.6,121.4,7.0,4,0.25,0,3.98,4,103.05
H1129,0.821,716.7,352.9,175.6,3.5,3,0.25,2,4.49,27,80.44
H1130,0.965,706.4,326.6,189.0,7.0,3,0.25,4,1.75,25,93.02
H1131,0.872,740.0,281.5,180.2,3.5,4,0.25,2,2.01,5,75.29
H1132,0.888,700.7,304.8,211.6,3.5,2,0.25,2,3.73,23,75.66
H1133,0.94,795.7,318.1,152.5,3.5,5,0.4,3,4.03,23,75.82
H1134,0.698,634.0,246.9,121.4,3.5,5,0.1,1,4.5,23,78.76
H1135,0.854,622.9,351.6,142.1,7.0,2,0.1,4,2.59,15,92.85
H1136,0.878,539.3,390.5,131.7,7.0,3,0.1,2,1.19,19,91.91
H1137,0.923,792.1,273.6,189.3,7.0,3,0.0,1,4.91,3,78.78
H1138,0.744,538.2,380.6,195.1,7.0,5,0.25,5,2.04,18,98.73
H1139,0.868,782.5,313.0,162.8,3.5,4,0.1,1,4.08,13,76.61
H1140,0.838,618.6,290.1,138.9,7.0,4,0.25,2,4.68,16,90.48
H1141,0.767,806.5,343.3,160.2,7.0,3,0.25,5,3.16,16,105.53
H1142,0.657,552.7,275.6,183.6,7.0,5,0.1,3,3.09,5,97.11
H1143,0.747,585.3,297.3,128.7,3.5,4,0.25,3,1.96,8,88.68
H1144,0.967,747.2,384.1,167.6,3.5,2,0.25,0,1.24,7,85.26
H1145,0.698,628.8,319.7,136.1,7.0,5,0.1,0,1.44,3,95.21
H1146,0.661,644.1,409.6,194.3,3.5,2,0.1,0,3.89,5,83.82
H1147,0.752,573.3,291.7,167.8,7.0,4,0.4,3,1.8,17,92.08
H1148,0.656,560.1,285.6,163.5,7.0,4,0.25,3,2.98,7,98.49
H1149,0.716,767.3,336.6,166.7,3.5,5,0.1,1,3.07,25,89.38
H1150,0.949,688.6,383.5,147.8,3.5,2,0.0,3,4.71,2,66.15
H1151,0.735,745.9,381.1,204.0,7.0,2,0.0,4,3.16,10,99.51
H1152,0.831,622.1,285.5,112.4,3.5,5,0.1,1,3.46,26,72.14
H1153,0.706,657.6,278.5,139.4,3.5,4,0.25,0,4.24,1,83.55
H1154,0.86,784.2,301.9,144.4,3.5,2,0.0,1,2.21,18,76.71
H1155,0.666,781.0,313.8,130.0,7.0,4,0.25,4,3.75,18,110.07
H1156,0.904,689.7,277.2,185.6,7.0,5,0.0,0,1.39,25,86.64
H1157,0.772,715.0,275.1,112.8,7.0,4,0.25,1,1.28,28,98.76
H1158,0.686,536.1,371.8,177.2,3.5,3,0.1,1,4.88,7,74.99
H1159,0.893,615.5,297.5,191.5,3.5,2,0.0,1,2.26,29,72.85
H1160,0.82,681.4,403.7,140.4,3.5,3,0.4,2,2.83,1,84.82
H1161,0.778,644.4,336.3,140.2,7.0,2,0.1,2,1.61,25,99.26
H1162,0.707,604.7,250.7,160.2,7.0,3,0.4,4,2.22,10,91.62
H1163,0.901,721.3,368.0,147.3,3.5,4,0.0,4,4.61,3,69.34
H1164,0.752,583.5,275.9,139.7,7.0,2,0.25,3,4.73,15,84.14
H1165,0.636,782.5,315.9,181.2,7.0,2,0.4,3,3.5,14,107.55
H1166,0.968,575.1,319.6,140.2,7.0,5,0.25,0,1.82,5,85.14
H1167,0.631,725.8,252.4,186.4,7.0,4,0.25,2,4.82,15,104.22
H1168,0.663,659.8,400.0,150.5,3.5,4,0.25,2,4.13,28,94.0
H1169,0.788,730.2,293.1,202.7,7.0,4,0.1,4,1.39,4,99.18
H1170,0.695,633.6,348.3,214.2,3.5,3,0.25,4,3.73,13,86.22
H1171,0.741,618.4,288.7,191.2,7.0,5,0.4,4,2.65,2,95.6
H1172,0.824,704.1,345.4,148.6,3.5,4,0.4,5,1.14,8,82.98
H1173,0.965,798.1,390.7,176.2,3.5,5,0.25,2,1.99,18,85.82
H1174,0.957,717.1,275.8,195.6,7.0,3,0.0,5,3.19,3,75.74
H1175,0.647,518.8,317.0,149.8,7.0,4,0.0,4,3.3,1,91.95
H1176,0.927,523.1,334.9,170.0,7.0,2,0.1,0,4.86,22,76.16
H1177,0.68,576.9,262.8,123.7,3.5,5,0.25,4,2.87,26,82.81
H1178,0.912,618.2,346.9,163.5,7.0,3,0.1,2,2.38,11,84.61
H1179,0.727,561.0,415.9,155.3,3.5,4,0.25,3,4.55,14,80.1
H1180,0.878,795.3,383.0,140.5,7.0,2,0.25,1,3.04,26,98.57
H1181,0.879,592.4,333.7,135.0,3.5,4,0.25,1,3.18,3,74.37
H1182,0.926,649.3,279.7,123.2,3.5,4,0.25,0,1.78,21,72.58
H1183,0.973,555.5,263.3,119.8,7.0,3,0.4,5,4.14,11,69.54
H1184,0.719,604.0,394.9,112.4,7.0,3,0.4,2,4.13,24,102.08
H1185,0.846,675.0,371.2,122.4,3.5,5,0.0,4,3.23,19,75.91
H1186,0.886,637.5,376.4,217.1,7.0,5,0.4,3,2.48,0,87.76
H1187,0.649,540.2,325.0,129.1,3.5,2,0.4,0,3.31,6,79.89
H1188,0.859,734.6,253.1,152.7,7.0,5,0.1,3,4.29,27,88.52
H1189,0.736,800.0,342.8,219.0,7.0,2,0.0,4,3.71,6,98.24
H1190,0.678,583.5,331.6,154.3,3.5,4,0.1,5,4.58,25,77.24
H1191,0.818,579.4,252.6,205.3,3.5,4,0.1,4,2.74,10,69.99
H1192,0.786,736.8,311.0,139.0,7.0,5,0.25,2,3.61,14,100.55
H1193,0.828,648.0,355.9,215.3,7.0,4,0.25,4,3.29,5,101.0
H1194,0.851,525.9,267.9,158.8,3.5,5,0.1,0,3.61,6,69.09
H1195,0.8,528.2,291.3,183.0,7.0,2,0.0,1,2.98,0,81.66
H1196,0.946,803.5,283.4,145.3,3.5,5,0.0,1,3.23,25,68.15
H1197,0.684,727.4,371.5,132.8,3.5,5,0.25,1,2.65,29,95.68
H1198,0.724,666.0,311.0,131.8,7.0,2,0.25,5,3.14,11,96.77
H1199,0.748,560.7,354.7,136.1,3.5,5,0.1,4,2.1,20,83.34
H1200,0.899,782.6,313.3,170.4,7.0,2,0.25,0,4.6,28,91.52
H1201,0.855,624.7,318.2,172.0,7.0,2,0.1,2,2.31,25,87.71
H1202,0.694,610.8,266.1,186.8,3.5,3,0.25,4,4.49,15,82.49
H1203,0.888,747.1,318.3,154.0,3.5,5,0.1,3,4.29,19,75.28
H1204,0.898,755.4,415.7,124.9,3.5,4,0.25,2,3.84,22,81.62
H1205,0.897,519.7,373.6,178.3,3.5,2,0.1,5,3.47,7,68.07
H1206,0.648,676.3,363.4,122.2,7.0,3,0.25,0,4.2,19,110.64
H1207,0.696,617.6,383.0,213.8,7.0,5,0.4,2,3.95,19,98.55
H1208,0.942,800.2,255.8,193.6,7.0,2,0.1,4,3.15,10,89.23
H1209,0.937,606.8,381.8,173.0,7.0,3,0.25,0,1.12,14,87.1
H1210,0.694,602.7,380.9,122.2,7.0,5,0.1,5,2.81,22,104.21
H1211,0.818,708.2,357.8,161.8,3.5,2,0.1,1,2.33,7,79.06
H1212,0.715,780.6,401.4,126.9,7.0,3,0.0,3,4.9,22,98.35
H1213,0.77,703.4,255.8,217.8,3.5,3,0.25,5,2.43,12,81.71
H1214,0.628,679.1,260.4,155.8,7.0,4,0.4,0,3.67,22,98.29
H1215,0.721,549.6,402.6,182.3,7.0,4,0.1,0,2.06,11,97.18
H1216,0.717,589.8,315.2,122.7,3.5,3,0.1,0,4.87,4,73.2
H1217,0.951,749.7,406.7,157.1,7.0,4,0.25,5,4.9,29,91.28
H1218,0.832,554.2,326.4,128.0,7.0,4,0.1,4,3.28,5,84.3
H1219,0.684,791.4,319.2,173.4,3.5,3,0.4,1,4.98,25,83.04
H1220,0.774,793.5,382.9,218.0,7.0,3,0.25,1,2.56,8,105.22
H1221,0.797,702.5,324.5,158.0,3.5,4,0.25,4,1.09,7,89.9
H1222,0.849,603.2,275.5,187.9,7.0,3,0.25,0,4.71,9,85.37
H1223,0.812,786.6,318.4,119.8,3.5,3,0.25,2,2.04,0,86.38
H1224,0.772,749.3,280.5,137.5,3.5,2,0.25,4,3.22,18,87.3
H1225,0.732,731.4,399.7,123.8,7.0,3,0.4,3,4.7,18,105.45
H1226,0.827,555.8,390.7,129.7,3.5,5,0.4,3,1.96,7,74.6
H1227,0.971,694.1,266.5,127.9,7.0,4,0.25,0,3.14,0,81.67
H1228,0.819,755.1,304.1,181.0,7.0,5,0.25,1,3.19,3,102.25
H1229,0.939,582.4,383.9,160.9,7.0,4,0.25,3,3.19,27,85.36
H1230,0.625,590.3,249.0,173.6,3.5,4,0.4,2,3.48,2,82.01
H1231,0.693,646.0,245.5,177.3,7.0,5,0.1,4,2.71,29,94.45
H1232,0.931,751.0,276.7,146.9,3.5,5,0.25,0,2.81,23,77.74
H1233,0.825,542.5,404.2,203.8,7.0,2,0.4,1,3.72,13,90.03
H1234,0.796,721.2,327.3,167.2,3.5,2,0.0,0,4.77,24,70.36
H1235,0.753,684.1,274.9,206.2,7.0,5,0.1,1,4.67,3,94.95
H1236,0.726,723.2,281.5,197.1,7.0,4,0.1,5,2.4,29,97.63
H1237,0.864,559.5,268.3,187.3,7.0,2,0.4,4,2.21,19,82.68
H1238,0.752,798.7,343.1,165.7,3.5,5,0.1,1,3.04,11,87.51
H1239,0.777,559.9,279.5,201.6,3.5,2,0.1,1,4.24,26,72.35
H1240,0.9,757.2,351.0,185.1,3.5,4,0.0,1,3.99,2,73.5
H1241,0.961,516.7,412.1,192.1,3.5,4,0.4,4,1.54,17,67.99
H1242,0.978,726.3,350.9,116.8,3.5,2,0.25,4,4.78,16,75.97
H1243,0.795,603.9,285.3,153.7,7.0,2,0.25,2,2.72,24,91.52
H1244,0.67,625.6,273.0,182.2,7.0,4,0.25,0,2.08,2,101.57
H1245,0.629,773.5,293.2,117.8,7.0,4,0.25,3,3.42,22,110.4
H1246,0.798,630.1,327.2,165.7,3.5,2,0.4,3,2.52,0,77.04
H1247,0.647,671.5,281.4,169.4,3.5,3,0.1,0,3.98,3,84.42
H1248,0.662,695.8,246.2,138.6,7.0,3,0.4,2,4.05,20,98.19
H1249,0.705,517.4,380.3,142.1,7.0,5,0.1,2,4.45,17,88.2
H1250,0.977,718.0,340.9,190.1,3.5,4,0.1,4,4.2,3,69.33
H1251,0.678,793.9,369.3,118.9,3.5,5,0.4,1,4.99,10,95.92
H1252,0.66,632.5,312.7,111.1,7.0,2,0.1,3,1.93,6,100.43
H1253,0.95,762.5,283.8,212.5,7.0,3,0.1,0,3.22,28,91.49
H1254,0.844,581.6,348.9,188.3,7.0,4,0.0,3,2.71,16,87.27
H1255,0.886,675.1,316.3,171.2,3.5,4,0.4,3,4.25,22,74.57
H1256,0.748,586.3,293.0,195.0,3.5,2,0.4,2,3.78,2,76.78
H1257,0.956,575.3,390.6,139.3,3.5,2,0.25,0,2.94,3,71.94
H1258,0.971,701.9,411.0,185.3,3.5,2,0.4,5,3.86,27,74.32
H1259,0.821,522.4,379.0,175.6,7.0,4,0.4,1,2.89,9,92.55
H1260,0.975,806.0,398.4,142.9,7.0,2,0.0,2,4.73,7,80.96
H1261,0.802,720.8,346.5,142.0,7.0,5,0.25,0,2.82,13,103.81
H1262,0.778,593.4,287.8,163.4,7.0,3,0.25,2,2.38,8,92.77
H1263,0.903,692.3,389.6,119.7,7.0,4,0.4,4,2.97,29,97.28
H1264,0.852,530.2,369.5,188.9,7.0,3,0.25,5,2.74,11,93.77
H1265,0.692,710.1,269.7,210.6,3.5,3,0.1,0,2.93,22,86.91
H1266,0.805,762.8,413.1,209.7,3.5,3,0.25,5,3.9,27,90.28
H1267,0.626,752.3,405.9,174.8,7.0,3,0.25,4,2.77,24,111.82
H1268,0.935,552.1,308.8,133.3,7.0,5,0.1,4,3.01,14,83.19
H1269,0.815,557.6,321.6,110.9,3.5,3,0.1,2,1.29,5,78.67
H1270,0.637,708.2,315.1,169.8,3.5,4,0.25,3,4.05,2,92.47
H1271,0.958,598.1,331.2,137.2,3.5,5,0.4,2,4.86,17,68.37
H1272,0.98,788.3,290.9,141.8,3.5,4,0.1,5,3.8,6,72.56
H1273,0.885,682.4,272.4,183.2,3.5,4,0.25,4,4.48,21,70.74
H1274,0.775,680.2,405.6,123.5,3.5,3,0.25,3,2.29,21,89.04
H1275,0.833,738.0,359.7,176.2,3.5,2,0.25,0,4.65,8,81.93
H1276,0.624,774.4,413.6,192.1,3.5,2,0.1,1,1.35,10,98.77
H1277,0.659,650.3,364.4,113.8,7.0,3,0.0,2,4.96,28,95.42
H1278,0.739,679.8,300.5,171.7,3.5,3,0.4,2,4.6,4,79.31
H1279,0.768,536.9,382.0,189.4,7.0,3,0.0,1,4.99,7,82.13
H1280,0.892,786.7,286.6,157.6,7.0,5,0.4,4,2.42,23,96.29
H1281,0.681,777.9,415.8,143.2,7.0,3,0.1,2,1.14,25,109.94
H1282,0.662,530.2,310.7,127.2,3.5,4,0.1,3,4.11,28,80.74
H1283,0.871,617.7,316.2,215.1,3.5,5,0.1,4,1.53,23,76.39
H1284,0.94,777.4,363.2,154.8,7.0,4,0.0,4,3.99,17,85.01
H1285,0.937,687.1,297.1,131.5,3.5,5,0.25,4,2.51,28,76.82
H1286,0.887,608.3,321.1,115.6,3.5,5,0.25,2,1.6,0,71.84
H1287,0.974,618.2,304.6,135.8,7.0,3,0.1,1,2.26,24,83.91
H1288,0.808,710.1,249.1,201.1,7.0,3,0.1,3,1.39,6,96.44
H1289,0.899,717.3,345.5,130.4,3.5,4,0.25,3,2.98,19,79.78
H1290,0.77,557.6,343.4,183.8,7.0,2,0.4,1,2.12,20,91.93
H1291,0.747,645.9,304.7,210.8,7.0,2,0.1,4,2.02,18,93.69
H1292,0.948,760.3,308.4,152.3,7.0,2,0.25,3,1.02,15,91.95
H1293,0.775,759.9,251.5,168.3,3.5,3,0.25,3,4.05,5,78.82
H1294,0.889,720.2,297.8,127.1,3.5,4,0.0,5,4.17,27,69.2
H1295,0.799,752.5,371.0,135.1,7.0,4,0.0,4,3.21,2,90.09
H1296,0.66,716.6,328.9,152.5,3.5,4,0.25,0,3.32,1,89.33
H1297,0.666,760.7,276.6,185.1,7.0,3,0.4,0,4.0,12,102.08
H1298,0.804,618.9,267.7,163.4,7.0,2,0.25,3,4.87,22,86.38
H1299,0.875,535.0,327.5,203.4,3.5,3,0.25,3,4.33,12,65.17
H1300,0.887,542.1,325.7,192.3,7.0,5,0.25,5,3.21,28,88.49
H1301,0.741,689.1,323.7,172.5,3.5,4,0.1,1,4.78,9,78.37
H1302,0.623,517.7,345.9,157.7,3.5,4,0.25,4,3.65,17,81.91
H1303,0.812,762.1,304.7,171.5,7.0,2,0.1,2,2.45,12,94.84
H1304,0.688,570.0,312.5,157.8,7.0,3,0.1,1,3.83,3,96.28
H1305,0.735,755.0,301.2,161.4,7.0,3,0.1,1,3.79,10,98.89
H1306,0.824,618.9,351.5,143.5,3.5,2,0.25,5,4.84,28,75.78
H1307,0.761,545.4,250.8,128.8,3.5,4,0.0,1,3.08,5,71.09
H1308,0.785,623.1,365.3,216.1,7.0,5,0.4,2,2.84,3,93.59
H1309,0.638,516.7,382.2,115.2,3.5,4,0.1,3,1.07,20,88.4
H1310,0.686,573.3,307.5,115.6,3.5,2,0.25,1,3.17,16,80.75
H1311,0.923,557.2,250.1,122.0,7.0,5,0.25,5,2.1,7,84.3
H1312,0.804,801.8,365.3,154.0,3.5,2,0.1,5,4.12,22,81.93
H1313,0.939,641.8,353.5,166.1,3.5,2,0.25,5,4.62,13,71.2
H1314,0.929,675.9,373.8,143.6,7.0,2,0.1,4,4.55,13,81.59
H1315,0.69,530.5,268.9,191.8,7.0,5,0.1,2,1.36,24,95.09
H1316,0.764,531.4,342.8,149.6,3.5,4,0.25,3,3.49,29,80.58
H1317,0.809,691.4,310.9,123.5,3.5,2,0.25,1,3.65,3,81.83
H1318,0.655,613.7,255.6,157.1,7.0,5,0.25,0,2.05,2,100.35
H1319,0.651,601.5,353.6,158.9,7.0,4,0.4,3,3.07,26,99.63
H1320,0.923,562.2,331.4,166.0,3.5,5,0.25,3,3.38,6,69.19
H1321,0.918,737.7,382.6,142.8,7.0,3,0.25,4,2.06,28,91.08
H1322,0.758,791.9,305.2,155.3,3.5,3,0.25,0,2.69,2,91.71
H1323,0.874,622.8,314.9,148.3,3.5,5,0.25,4,4.37,17,74.25
H1324,0.806,625.0,289.4,129.9,3.5,2,0.25,2,1.79,20,77.93
H1325,0.889,600.2,328.4,149.3,7.0,2,0.25,2,4.99,16,84.33
H1326,0.733,565.6,326.3,180.9,3.5,3,0.4,1,3.57,7,79.56
H1327,0.791,606.8,257.2,217.4,7.0,2,0.25,3,4.99,9,82.99
H1328,0.941,756.4,409.0,164.2,7.0,4,0.4,3,3.2,24,93.49
H1329,0.914,538.6,385.8,163.6,7.0,4,0.25,5,4.08,0,86.34
H1330,0.732,755.8,390.2,140.6,7.0,3,0.25,4,4.33,2,102.48
H1331,0.937,530.2,328.7,154.1,3.5,5,0.1,0,2.2,19,69.02
H1332,0.764,672.6,309.6,208.7,7.0,4,0.4,0,4.65,10,88.36
H1333,0.866,740.1,368.9,131.9,7.0,5,0.4,4,1.46,0,101.53
H1334,0.876,614.1,413.9,161.2,7.0,5,0.1,4,4.05,21,87.56
H1335,0.765,772.5,374.2,213.9,7.0,5,0.0,1,3.01,29,94.61
H1336,0.918,738.9,260.6,187.5,7.0,4,0.0,1,4.78,4,81.14
H1337,0.788,703.1,381.9,177.1,3.5,4,0.1,3,3.1,3,78.76
H1338,0.966,620.1,322.8,170.0,3.5,3,0.1,4,3.96,29,65.65
H1339,0.957,554.2,247.1,111.7,3.5,5,0.0,5,2.46,23,60.14
H1340,0.944,689.6,288.5,171.4,7.0,3,0.1,2,2.38,2,91.71
H1341,0.947,574.2,399.9,148.6,3.5,2,0.25,5,3.82,0,72.91
H1342,0.673,773.4,328.3,126.5,3.5,3,0.0,2,1.92,2,92.05
H1343,0.853,773.4,372.7,154.7,3.5,3,0.25,0,2.17,27,85.34
H1344,0.887,660.0,320.4,163.5,7.0,4,0.4,3,3.16,5,84.42
H1345,0.81,717.5,246.3,189.0,3.5,2,0.1,5,4.09,0,71.85
H1346,0.811,728.5,348.5,176.1,3.5,5,0.0,2,3.55,11,78.43
H1347,0.693,615.2,293.3,136.9,3.5,4,0.25,2,1.79,12,83.95
H1348,0.678,559.3,268.8,176.0,7.0,5,0.0,2,4.64,4,82.82
H1349,0.902,640.5,362.3,163.9,7.0,3,0.25,0,2.77,2,93.98
H1350,0.674,662.5,349.6,155.3,7.0,2,0.25,4,1.57,17,109.06
H1351,0.882,718.5,287.3,177.9,7.0,4,0.0,1,3.97,14,82.7
H1352,0.648,715.8,253.1,159.3,7.0,2,0.25,3,4.05,27,100.32
H1353,0.768,530.4,384.4,182.5,3.5,3,0.25,3,1.18,23,82.76
H1354,0.629,786.0,364.3,211.9,3.5,2,0.25,1,4.19,19,93.1
H1355,0.858,574.5,266.9,171.0,7.0,5,0.4,0,2.79,8,80.41
H1356,0.725,582.9,378.8,180.0,7.0,2,0.1,0,2.26,17,97.43
H1357,0.788,540.3,310.9,140.8,3.5,3,0.4,1,3.61,8,71.83
H1358,0.723,660.3,379.2,146.6,3.5,5,0.25,2,3.01,14,86.1
H1359,0.806,786.7,391.6,123.4,3.5,2,0.0,5,3.8,15,83.24
H1360,0.857,709.5,271.8,177.3,7.0,2,0.4,1,4.87,21,90.29
H1361,0.68,658.9,327.3,142.7,3.5,2,0.25,0,1.72,23,88.02
H1362,0.9,767.5,376.4,134.6,7.0,2,0.1,2,2.06,19,95.84
H1363,0.902,794.1,408.6,214.5,3.5,4,0.4,5,3.98,20,75.14
H1364,0.959,679.5,358.4,148.2,3.5,3,0.25,5,3.92,27,76.14
H1365,0.757,747.9,356.9,138.1,3.5,4,0.1,3,1.51,22,86.06
H1366,0.934,803.9,408.4,140.5,7.0,5,0.25,3,2.25,10,100.38
H1367,0.654,522.7,266.7,180.4,7.0,5,0.25,0,3.34,23,95.71
H1368,0.978,686.6,350.3,166.4,3.5,3,0.25,2,4.64,24,72.73
H1369,0.696,717.1,366.3,172.8,3.5,2,0.4,5,4.15,24,83.26
H1370,0.755,674.6,310.8,145.1,3.5,5,0.4,5,4.88,11,75.45
H1371,0.654,603.6,345.3,214.6,7.0,2,0.0,1,2.83,16,93.69
H1372,0.921,592.8,321.8,145.7,7.0,4,0.25,2,4.2,2,79.55
H1373,0.795,775.1,257.0,118.4,7.0,3,0.1,0,4.62,16,91.89
H1374,0.966,773.8,310.7,175.9,7.0,5,0.25,1,2.74,19,92.93
H1375,0.672,554.6,245.3,211.1,7.0,2,0.0,5,4.71,20,87.35
H1376,0.941,733.6,367.5,130.7,3.5,3,0.0,1,2.52,15,69.11
H1377,0.749,720.2,397.7,127.0,3.5,4,0.4,2,2.79,17,86.13
H1378,0.705,650.3,275.5,111.9,3.5,3,0.25,1,2.06,9,84.17
H1379,0.857,631.3,397.1,208.2,7.0,5,0.1,4,1.32,10,97.65
H1380,0.631,609.6,287.3,168.7,3.5,5,0.25,4,3.29,2,84.54
H1381,0.809,725.6,249.5,193.2,3.5,3,0.25,3,4.27,9,77.81
H1382,0.79,647.5,299.5,219.2,7.0,3,0.4,1,4.39,15,90.69
H1383,0.637,713.9,320.5,196.8,7.0,2,0.1,4,4.52,0,102.88
H1384,0.776,720.2,388.6,179.9,7.0,4,0.1,3,1.35,28,104.45
H1385,0.73,803.5,343.5,141.4,3.5,5,0.0,2,4.33,28,86.32
H1386,0.71,715.6,259.3,118.9,7.0,2,0.1,5,3.94,7,92.55
H1387,0.955,537.3,281.0,144.6,3.5,5,0.0,1,4.58,15,57.26
H1388,0.835,579.4,369.0,113.8,7.0,3,0.25,3,1.45,9,96.09
H1389,0.675,687.7,329.1,203.2,7.0,3,0.1,2,2.68,2,99.99
H1390,0.893,521.3,348.8,192.9,3.5,2,0.1,3,1.99,17,72.55
H1391,0.753,647.8,269.5,184.3,3.5,4,0.1,3,1.43,27,85.0
H1392,0.836,604.3,344.2,172.7,3.5,5,0.25,2,3.58,10,75.07
H1393,0.757,566.8,299.7,178.5,7.0,2,0.25,4,3.62,20,87.32
H1394,0.85,527.5,253.1,163.3,7.0,3,0.1,3,4.34,5,72.18
H1395,0.865,519.0,308.8,117.6,7.0,5,0.1,3,4.92,29,85.14
H1396,0.722,564.1,346.2,218.5,3.5,2,0.25,3,2.22,21,81.43
H1397,0.919,790.8,344.0,130.8,7.0,2,0.4,3,1.45,4,96.92
H1398,0.843,610.6,297.4,114.8,7.0,5,0.1,3,3.03,19,88.56
H1399,0.838,790.5,322.9,166.7,7.0,4,0.25,5,4.89,11,99.85
H1400,0.698,543.0,301.1,123.0,3.5,5,0.4,5,4.83,26,70.78
H1401,0.711,692.2,325.6,151.6,3.5,3,0.25,2,2.15,7,88.78
H1402,0.762,670.1,379.7,201.5,7.0,4,0.4,3,2.07,23,97.3
H1403,0.632,701.3,353.8,156.1,3.5,4,0.4,0,3.02,10,89.71
H1404,0.64,764.0,321.0,137.4,3.5,5,0.25,3,4.4,23,89.55
H1405,0.859,629.0,275.6,167.6,3.5,4,0.4,5,4.19,6,65.97
H1406,0.734,710.3,283.9,130.3,3.5,4,0.1,1,2.15,1,85.98
H1407,0.879,576.3,374.3,148.0,7.0,5,0.25,4,2.65,4,91.19
H1408,0.647,745.8,294.2,215.3,3.5,5,0.25,1,2.14,5,90.2
H1409,0.886,671.7,364.4,134.8,7.0,3,0.25,3,4.96,18,89.35
H1410,0.697,537.7,270.2,199.4,3.5,5,0.0,0,1.03,12,73.61
H1411,0.933,600.4,269.2,211.4,3.5,4,0.4,0,2.44,2,67.61
H1412,0.946,553.8,389.3,219.4,7.0,2,0.0,1,4.81,21,75.71
H1413,0.868,733.8,356.9,110.1,3.5,2,0.0,4,3.6,10,77.33
H1414,0.762,633.1,270.0,110.4,7.0,5,0.25,5,1.57,29,96.93
H1415,0.629,668.4,400.2,125.0,7.0,3,0.4,3,1.13,13,108.88
H1416,0.894,693.8,390.4,175.9,7.0,4,0.1,2,4.68,28,88.75
H1417,0.823,624.0,339.5,168.2,7.0,3,0.25,3,3.62,29,90.85
H1418,0.65,804.9,308.2,202.7,3.5,5,0.25,5,4.82,18,91.66
H1419,0.825,736.1,283.0,117.1,3.5,3,0.4,3,4.44,17,74.49
H1420,0.622,705.3,303.0,160.1,7.0,4,0.0,0,1.63,13,99.56
H1421,0.782,558.9,364.0,196.8,3.5,4,0.25,1,2.44,8,80.92
H1422,0.841,623.4,279.8,180.9,3.5,5,0.25,3,3.44,9,76.74
H1423,0.909,625.9,373.8,147.6,7.0,5,0.4,1,2.21,8,91.3
H1424,0.725,721.6,411.3,132.1,7.0,3,0.25,2,2.52,29,104.63
H1425,0.704,538.0,369.6,155.4,7.0,2,0.0,3,4.82,24,89.93
H1426,0.739,555.3,258.3,127.1,3.5,3,0.4,4,3.77,3,67.85
H1427,0.641,748.3,288.3,128.2,7.0,3,0.4,1,4.65,23,98.85
H1428,0.955,626.8,265.3,200.2,3.5,5,0.0,4,2.25,18,64.15
H1429,0.937,602.3,345.3,116.4,7.0,2,0.1,4,4.57,16,81.6
H1430,0.837,545.0,287.9,202.8,3.5,3,0.0,1,2.25,9,66.29
H1431,0.647,539.0,296.7,125.2,3.5,2,0.25,4,3.59,19,81.03
H1432,0.65,637.6,249.9,128.5,3.5,3,0.0,1,3.8,17,77.31
H1433,0.956,649.7,354.5,120.3,7.0,3,0.4,0,1.87,15,90.44
H1434,0.665,800.1,362.6,145.9,3.5,3,0.1,2,3.19,12,96.77
H1435,0.672,710.0,340.7,170.5,3.5,5,0.25,1,4.79,29,88.32
H1436,0.903,579.5,263.3,158.4,7.0,2,0.25,3,4.05,23,78.97
H1437,0.729,715.6,364.9,206.8,3.5,5,0.4,5,1.98,29,90.14
H1438,0.768,517.8,403.8,180.1,7.0,5,0.4,2,1.7,4,98.44
H1439,0.768,733.6,399.8,148.9,7.0,2,0.25,0,1.06,26,109.74
H1440,0.872,606.2,410.4,158.8,3.5,4,0.0,4,4.47,0,66.34
H1441,0.79,714.4,394.3,134.2,7.0,4,0.1,4,1.48,18,101.27
H1442,0.912,795.8,366.2,186.9,3.5,5,0.25,0,1.26,21,89.89
H1443,0.799,805.8,275.1,168.0,7.0,2,0.1,3,2.01,3,100.74
H1444,0.725,677.7,415.7,179.2,7.0,2,0.0,5,1.04,17,97.33
H1445,0.69,534.6,282.5,113.4,3.5,4,0.1,5,2.11,18,83.66
H1446,0.892,532.2,310.8,206.2,7.0,2,0.25,4,1.14,11,85.9
H1447,0.699,594.0,405.7,208.2,7.0,3,0.0,2,2.52,21,98.68
H1448,0.839,541.8,415.0,189.5,3.5,2,0.25,5,4.12,4,81.87
H1449,0.837,598.9,298.0,119.3,7.0,5,0.1,0,4.16,11,90.25
H1450,0.967,775.3,405.5,148.2,3.5,3,0.0,3,3.49,6,74.33
H1451,0.652,604.7,272.7,140.2,7.0,4,0.25,2,1.75,20,102.01
H1452,0.695,611.2,285.2,156.5,7.0,2,0.25,1,4.83,27,90.45
H1453,0.858,759.2,255.5,121.2,3.5,4,0.4,4,3.25,1,74.27
H1454,0.739,738.5,362.8,135.1,3.5,3,0.25,3,1.29,12,90.73
H1455,0.666,609.2,257.5,159.2,3.5,4,0.4,0,3.67,11,77.22
H1456,0.942,662.2,339.7,205.3,3.5,5,0.25,0,4.93,15,71.26
H1457,0.883,679.2,319.9,202.1,3.5,5,0.1,1,4.69,1,70.38
H1458,0.7,727.3,297.6,181.7,7.0,4,0.25,2,2.32,3,106.53
H1459,0.654,553.5,369.6,112.4,3.5,4,0.25,1,1.54,16,88.07
H1460,0.923,736.3,354.5,164.8,7.0,2,0.25,5,4.71,0,91.73
H1461,0.825,542.6,305.7,212.4,3.5,4,0.0,5,3.03,5,69.85
H1462,0.955,687.2,281.5,137.0,7.0,3,0.25,4,4.55,29,82.08
H1463,0.806,792.8,387.6,113.8,3.5,3,0.4,1,4.03,3,85.6
H1464,0.703,564.6,355.9,146.2,3.5,3,0.25,3,3.84,0,79.89
H1465,0.668,742.5,413.0,158.7,7.0,4,0.25,0,4.67,24,105.7
H1466,0.77,629.5,278.1,215.4,3.5,2,0.1,2,4.64,20,74.35
H1467,0.866,582.7,410.0,218.5,3.5,2,0.1,5,4.98,24,71.07
H1468,0.622,665.5,407.4,119.2,3.5,3,0.4,0,2.03,17,97.27
H1469,0.762,570.2,402.0,178.7,3.5,5,0.1,5,4.28,24,75.57
H1470,0.765,645.3,317.4,153.9,3.5,4,0.25,3,1.14,11,86.58
H1471,0.862,686.9,379.1,187.3,3.5,2,0.0,4,4.62,18,72.23
H1472,0.69,741.4,328.1,209.0,3.5,5,0.25,0,3.63,22,89.32
H1473,0.935,754.1,385.2,192.9,3.5,2,0.25,0,3.51,9,80.09
H1474,0.737,776.1,290.1,159.9,3.5,5,0.25,4,1.42,17,87.83
H1475,0.918,657.4,375.2,114.1,7.0,3,0.1,3,2.45,0,87.76
H1476,0.918,783.8,272.6,211.8,3.5,4,0.25,0,1.66,11,83.11
H1477,0.939,778.4,295.1,212.8,3.5,3,0.0,5,4.72,7,62.89
H1478,0.713,658.2,318.0,180.6,7.0,5,0.4,2,3.56,29,91.03
H1479,0.922,546.3,270.6,207.4,3.5,5,0.1,4,1.28,28,68.52
H1480,0.703,621.6,292.2,146.3,3.5,2,0.0,1,2.56,27,73.97
H1481,0.764,734.0,367.3,148.4,7.0,4,0.25,5,1.28,13,110.42
H1482,0.684,679.3,366.7,216.3,7.0,5,0.25,1,3.85,17,106.03
H1483,0.794,569.2,388.1,147.0,3.5,3,0.25,2,3.81,20,77.16
H1484,0.647,768.0,400.3,160.0,3.5,2,0.4,4,1.1,7,99.48
H1485,0.964,704.5,288.9,145.8,3.5,5,0.0,5,2.57,18,65.2
H1486,0.625,551.9,372.2,133.8,3.5,2,0.4,3,1.28,27,83.89
H1487,0.799,755.9,271.7,158.1,7.0,5,0.0,0,3.67,24,91.21
H1488,0.922,665.8,360.7,192.8,7.0,2,0.25,3,2.55,13,87.26
H1489,0.668,619.5,248.2,191.2,7.0,4,0.25,3,1.96,18,100.99
H1490,0.835,668.5,251.3,115.2,7.0,2,0.25,2,1.57,21,97.85
H1491,0.811,673.4,388.0,146.0,3.5,3,0.1,5,4.17,20,80.17
H1492,0.893,802.5,368.6,198.8,3.5,2,0.4,3,4.99,21,81.43
H1493,0.871,716.0,296.1,201.5,7.0,3,0.0,4,1.91,14,87.94
H1494,0.917,594.7,373.1,145.9,7.0,2,0.25,3,4.5,8,87.87
H1495,0.906,637.0,298.5,198.0,3.5,5,0.1,2,3.07,0,73.25
H1496,0.83,547.0,340.5,189.3,3.5,5,0.0,0,3.64,14,65.75
H1497,0.746,618.7,377.4,148.4,7.0,4,0.1,3,4.25,18,95.77
H1498,0.659,752.2,277.7,168.6,3.5,5,0.25,0,1.56,10,94.31
H1499,0.679,633.3,307.1,129.0,7.0,3,0.0,3,1.39,18,93.17
H1500,0.934,752.8,305.4,113.2,3.5,5,0.25,0,2.08,0,77.72
H1501,0.716,606.9,360.1,134.4,3.5,3,0.25,3,4.22,26,81.34
H1502,0.942,697.8,282.0,173.3,7.0,2,0.25,4,1.76,25,87.29
H1503,0.73,535.7,350.8,195.6,3.5,4,0.1,0,4.18,20,73.6
H1504,0.641,553.4,374.0,210.5,3.5,3,0.1,2,3.51,9,86.33
H1505,0.724,634.6,284.5,208.0,3.5,3,0.1,3,3.42,16,77.53
H1506,0.758,784.4,307.4,115.1,3.5,2,0.4,1,1.34,13,90.12
H1507,0.657,724.0,252.6,204.6,3.5,4,0.1,4,3.83,17,89.66
H1508,0.775,579.0,336.8,121.5,7.0,2,0.25,2,3.35,28,93.43
H1509,0.907,601.8,331.3,119.1,3.5,5,0.1,4,3.96,15,68.4
H1510,0.769,527.2,362.3,144.3,3.5,2,0.0,3,2.36,22,73.55
H1511,0.798,703.2,337.6,142.1,3.5,2,0.25,1,3.58,23,78.34
H1512,0.98,793.4,392.7,202.9,7.0,4,0.25,3,1.06,1,96.05
H1513,0.698,703.5,389.5,152.1,3.5,4,0.1,2,2.91,21,89.67
H1514,0.816,736.9,264.9,142.1,3.5,4,0.4,0,2.27,1,73.58
H1515,0.976,626.0,345.9,169.3,3.5,5,0.4,2,4.78,17,68.2
H1516,0.798,744.1,362.0,213.7,7.0,2,0.0,5,4.16,14,92.43
H1517,0.833,658.5,324.2,141.0,7.0,4,0.4,4,4.96,11,90.69
H1518,0.817,723.5,292.1,201.0,3.5,3,0.1,1,2.68,4,78.7
H1519,0.661,590.3,270.7,190.1,3.5,3,0.1,2,2.14,22,82.71
H1520,0.878,721.9,373.6,161.6,3.5,2,0.25,4,3.46,1,83.56
H1521,0.948,582.9,247.9,191.9,3.5,3,0.1,5,3.55,15,68.13
H1522,0.954,613.1,334.9,164.7,3.5,5,0.25,4,2.12,26,75.48
H1523,0.831,597.9,414.9,187.2,3.5,4,0.25,3,3.23,7,81.65
H1524,0.747,643.2,368.2,148.8,7.0,3,0.4,2,1.38,21,104.87
H1525,0.863,577.6,273.4,162.3,7.0,5,0.0,3,4.74,10,79.37
H1526,0.96,692.2,390.1,133.2,3.5,5,0.4,5,1.32,0,72.89
H1527,0.972,704.5,357.3,144.7,7.0,5,0.4,0,4.77,2,84.8
H1528,0.722,581.2,378.7,219.2,3.5,4,0.25,2,3.15,19,84.06
H1529,0.957,741.7,290.7,175.7,3.5,4,0.25,4,3.79,3,75.06
H1530,0.883,709.9,406.2,179.0,7.0,5,0.25,3,3.39,25,98.0
H1531,0.934,796.7,361.0,145.9,3.5,4,0.0,2,1.56,26,76.73
H1532,0.68,769.4,285.2,177.6,3.5,4,0.1,2,3.76,16,88.02
H1533,0.971,793.3,304.2,138.3,7.0,5,0.25,0,3.48,23,88.41
H1534,0.891,786.0,275.3,151.2,3.5,5,0.1,2,1.95,5,82.14
H1535,0.68,781.3,246.7,217.7,7.0,2,0.1,1,4.07,6,99.89
H1536,0.814,804.2,257.7,194.2,7.0,2,0.0,2,4.89,28,88.24
H1537,0.66,795.8,271.1,157.5,3.5,4,0.25,4,2.75,0,96.94
H1538,0.881,619.2,393.9,171.6,7.0,2,0.1,1,4.22,5,88.52
H1539,0.834,553.1,349.2,144.1,3.5,5,0.25,3,1.75,1,80.64
H1540,0.828,788.4,321.0,187.4,7.0,4,0.1,4,2.41,26,98.21
H1541,0.925,606.3,333.8,142.1,7.0,3,0.1,5,4.65,5,80.49
H1542,0.897,769.3,406.2,202.6,7.0,4,0.0,5,2.34,11,92.16
H1543,0.653,807.7,312.0,214.1,3.5,5,0.4,1,3.39,24,91.92
H1544,0.894,697.3,313.6,183.6,7.0,3,0.25,4,1.4,12,94.83
H1545,0.815,598.5,275.2,132.1,7.0,3,0.4,5,4.61,3,84.32
H1546,0.688,709.9,270.3,158.1,3.5,5,0.1,1,3.34,23,86.44
H1547,0.745,763.3,249.0,141.8,7.0,3,0.1,1,1.69,5,103.98
H1548,0.803,564.2,339.7,150.5,7.0,4,0.25,0,3.52,5,88.4
H1549,0.929,772.7,342.3,127.8,7.0,3,0.1,4,4.86,21,86.63
H1550,0.937,726.0,335.2,176.5,3.5,2,0.1,5,1.94,20,69.13
H1551,0.657,786.3,371.3,145.7,7.0,5,0.1,0,1.98,25,111.22
H1552,0.779,616.0,270.3,128.3,3.5,3,0.25,2,1.38,24,78.41
H1553,0.924,782.6,343.8,213.3,7.0,4,0.0,4,2.16,25,84.24
H1554,0.837,568.3,406.5,113.2,3.5,2,0.4,5,3.94,4,74.88
H1555,0.928,728.2,348.7,219.8,3.5,4,0.25,3,4.1,28,73.3
H1556,0.835,788.6,377.9,121.4,3.5,5,0.4,5,1.8,11,90.62
H1557,0.7,676.9,331.7,158.8,7.0,3,0.25,1,4.76,18,102.24
H1558,0.801,558.4,263.7,163.4,7.0,2,0.0,4,2.89,2,84.18
H1559,0.805,797.6,413.4,191.5,3.5,3,0.4,5,4.8,21,84.18
H1560,0.942,687.2,304.6,210.6,7.0,5,0.25,3,4.82,24,80.76
H1561,0.748,595.2,274.7,152.4,3.5,2,0.4,2,2.47,27,74.19
H1562,0.705,785.3,342.8,187.6,3.5,2,0.25,1,3.38,11,89.35
H1563,0.89,757.8,265.6,112.7,7.0,5,0.0,5,1.51,28,89.15
H1564,0.771,790.8,308.6,112.7,7.0,2,0.4,2,4.78,7,95.5
H1565,0.794,704.9,338.5,146.9,7.0,3,0.0,1,4.52,0,93.41
H1566,0.972,578.5,246.3,152.4,3.5,3,0.0,4,1.95,21,63.31
H1567,0.863,690.5,396.7,152.4,7.0,5,0.1,0,4.49,22,96.22
H1568,0.862,663.9,286.3,156.2,3.5,4,0.1,2,2.26,23,76.6
H1569,0.956,663.8,343.1,178.3,7.0,3,0.25,4,3.9,19,83.98
H1570,0.878,518.2,360.1,133.9,3.5,5,0.25,0,3.63,6,69.91
H1571,0.964,589.9,314.6,151.8,3.5,4,0.4,1,1.96,25,67.65
H1572,0.848,593.5,400.4,146.5,7.0,4,0.4,0,3.39,15,91.6
H1573,0.831,540.0,378.2,219.2,3.5,5,0.25,3,4.25,6,76.81
H1574,0.722,625.7,358.3,128.6,7.0,4,0.4,0,4.8,11,92.72
H1575,0.703,646.4,345.7,115.8,7.0,2,0.4,1,4.25,22,95.54
H1576,0.811,716.4,381.6,130.6,7.0,4,0.25,2,4.76,17,97.81
H1577,0.641,667.3,260.7,189.7,3.5,4,0.1,4,1.88,26,91.19
H1578,0.681,647.9,395.4,128.6,7.0,2,0.1,0,2.57,13,101.87
H1579,0.875,557.1,300.7,174.9,3.5,2,0.0,2,4.1,1,64.0
H1580,0.864,583.6,253.5,184.6,3.5,5,0.25,2,4.33,28,65.74
H1581,0.63,608.5,307.5,140.4,7.0,5,0.4,3,2.66,7,100.92
H1582,0.679,557.8,302.7,200.7,7.0,5,0.25,1,2.72,11,98.28
H1583,0.842,589.9,416.0,214.4,7.0,5,0.25,4,1.54,14,98.24
H1584,0.767,633.2,294.3,138.1,3.5,3,0.4,2,3.81,17,79.43
H1585,0.832,582.0,303.8,147.8,3.5,3,0.25,5,1.64,26,77.81
H1586,0.666,589.3,387.4,170.1,3.5,3,0.25,5,3.41,13,89.27
H1587,0.93,745.2,383.6,146.8,3.5,3,0.4,0,3.85,27,74.35
H1588,0.713,621.0,323.9,206.2,7.0,2,0.25,5,3.11,9,94.84
H1589,0.755,626.8,394.2,218.8,3.5,4,0.4,1,2.66,10,82.91
H1590,0.782,744.7,247.6,162.0,7.0,4,0.4,2,1.93,19,94.73
H1591,0.833,740.6,368.9,185.8,7.0,5,0.1,5,4.3,28,98.72
H1592,0.973,725.3,258.6,116.0,7.0,4,0.4,2,3.94,2,83.16
H1593,0.695,685.5,274.3,185.6,7.0,4,0.25,3,2.76,26,104.3
H1594,0.678,532.7,409.4,130.2,7.0,3,0.0,2,2.92,23,93.91
H1595,0.672,767.7,413.8,155.4,7.0,5,0.25,4,3.68,9,112.81
H1596,0.899,698.9,353.8,219.9,3.5,3,0.1,4,1.94,20,77.03
H1597,0.758,791.4,321.7,131.5,3.5,5,0.25,3,1.41,27,94.81
H1598,0.954,567.4,394.2,199.6,7.0,4,0.25,3,1.54,25,87.29
H1599,0.644,548.5,315.8,117.3,3.5,2,0.25,1,4.33,4,81.12
H1600,0.811,780.1,339.2,202.4,3.5,5,0.1,2,4.34,4,75.42
H1601,0.893,607.0,263.8,120.1,3.5,3,0.1,4,2.8,8,71.26
H1602,0.803,797.1,333.5,111.1,7.0,2,0.25,0,1.36,8,108.03
H1603,0.766,737.1,268.0,120.3,3.5,2,0.25,4,4.27,18,83.92
H1604,0.912,580.4,299.7,189.1,7.0,4,0.0,1,3.75,20,77.36
H1605,0.803,698.8,287.2,148.9,7.0,2,0.1,4,3.68,3,91.28
H1606,0.946,614.7,370.2,127.1,3.5,4,0.25,2,3.89,3,66.11
H1607,0.706,756.0,356.1,192.5,3.5,2,0.4,2,3.74,13,84.56
H1608,0.835,703.8,388.0,182.5,3.5,4,0.25,4,1.43,22,86.79
H1609,0.848,729.2,397.1,120.1,3.5,5,0.25,1,2.36,23,88.81
H1610,0.947,598.5,263.8,173.6,7.0,5,0.25,5,2.58,7,86.18
H1611,0.654,520.5,414.3,161.7,3.5,5,0.1,3,4.63,3,84.1
H1612,0.91,635.9,390.6,207.0,3.5,5,0.1,0,1.96,26,74.16
H1613,0.866,725.5,305.2,205.9,7.0,5,0.1,4,3.52,21,90.18
H1614,0.93,783.2,342.6,156.9,7.0,2,0.25,4,1.03,25,95.32
H1615,0.839,604.9,257.6,171.0,3.5,2,0.25,5,2.31,26,70.08
H1616,0.783,649.4,281.2,154.0,3.5,2,0.25,4,2.63,6,78.38
H1617,0.907,774.1,299.1,133.3,3.5,3,0.25,1,3.1,27,77.52
H1618,0.722,588.1,332.2,188.6,7.0,2,0.1,5,4.93,22,88.35
H1619,0.64,714.9,260.3,184.7,3.5,3,0.0,4,1.06,23,89.35
H1620,0.89,774.6,414.3,119.8,7.0,4,0.4,1,3.52,14,101.14
H1621,0.912,700.0,399.7,199.5,3.5,3,0.4,1,4.71,20,72.16
H1622,0.918,548.1,311.5,210.5,3.5,5,0.1,1,3.95,14,69.22
H1623,0.781,706.4,385.7,155.2,7.0,5,0.1,2,2.49,23,95.54
H1624,0.884,526.3,331.3,144.9,3.5,4,0.25,0,3.94,22,70.6
H1625,0.877,597.1,286.5,133.5,3.5,4,0.0,2,3.85,3,66.62
H1626,0.724,774.9,338.6,196.7,3.5,2,0.1,2,2.37,23,85.94
H1627,0.896,724.7,268.1,131.6,7.0,4,0.4,5,2.08,16,92.06
H1628,0.967,577.5,353.7,204.0,3.5,3,0.1,3,3.52,0,64.73
H1629,0.747,718.0,388.9,147.1,7.0,5,0.25,1,3.9,28,103.46
H1630,0.718,683.2,252.3,131.9,3.5,4,0.1,1,2.43,20,86.47
H1631,0.83,752.7,259.4,219.6,3.5,3,0.4,1,4.54,28,75.4
H1632,0.936,712.3,288.8,204.3,3.5,5,0.4,2,3.31,13,69.15
H1633,0.839,757.5,272.8,148.7,7.0,5,0.25,2,2.69,17,96.42
H1634,0.969,729.2,260.8,135.1,3.5,5,0.4,0,3.57,19,72.58
H1635,0.952,538.4,373.9,185.0,3.5,5,0.4,1,2.93,18,62.65
H1636,0.876,653.8,286.3,176.8,3.5,2,0.25,5,2.04,12,79.25
H1637,0.874,532.1,373.2,201.3,3.5,3,0.25,3,4.55,17,72.82
H1638,0.684,598.3,294.8,177.3,3.5,4,0.4,1,1.78,8,87.4
H1639,0.743,596.9,321.0,154.8,3.5,4,0.25,5,3.58,13,84.12
H1640,0.912,652.1,371.1,156.7,7.0,5,0.25,1,4.8,27,84.13
H1641,0.764,611.1,401.0,143.7,7.0,5,0.25,4,1.18,8,104.41
H1642,0.702,582.5,323.6,134.2,3.5,2,0.25,3,2.05,27,86.23
H1643,0.643,767.7,304.5,148.3,3.5,2,0.25,5,4.78,7,92.9
H1644,0.7,530.0,357.7,185.7,7.0,2,0.1,2,1.54,9,101.39
H1645,0.828,650.6,287.3,219.6,7.0,3,0.25,0,3.01,14,92.25
H1646,0.953,704.0,285.4,206.3,3.5,2,0.1,2,4.86,23,66.53
H1647,0.761,570.2,270.4,132.7,7.0,2,0.0,2,1.61,6,87.68
H1648,0.904,649.0,293.6,196.6,3.5,4,0.25,5,1.28,4,79.61
H1649,0.666,614.9,340.8,124.1,7.0,5,0.25,1,2.12,7,101.37
H1650,0.916,768.4,353.3,207.1,7.0,5,0.4,5,1.59,13,96.82
H1651,0.954,528.9,404.5,139.5,7.0,3,0.25,4,1.01,2,89.99
H1652,0.801,531.9,294.2,163.3,7.0,2,0.1,3,2.95,14,81.79
H1653,0.784,652.8,373.0,126.3,3.5,3,0.25,1,2.91,13,85.97
H1654,0.947,722.8,352.7,165.2,7.0,4,0.1,1,4.93,6,82.64
H1655,0.702,771.6,407.0,215.5,7.0,2,0.1,1,4.68,17,108.02
H1656,0.951,663.6,409.9,205.2,3.5,2,0.25,1,1.01,23,77.8
H1657,0.95,798.6,325.5,152.7,7.0,5,0.4,2,2.78,15,93.96
H1658,0.965,711.9,314.3,120.4,7.0,5,0.25,3,1.78,2,90.9
H1659,0.941,795.1,388.4,177.2,3.5,3,0.0,4,2.5,4,72.82
H1660,0.809,766.3,248.8,189.8,3.5,5,0.4,4,2.4,27,80.68
H1661,0.865,778.1,371.0,209.6,7.0,2,0.1,0,3.12,25,92.45
H1662,0.812,523.1,388.8,193.2,7.0,3,0.1,5,1.44,26,91.01
H1663,0.729,773.7,397.2,207.9,3.5,3,0.25,1,4.78,20,93.39
H1664,0.977,708.0,248.4,191.4,7.0,5,0.25,1,3.17,29,83.33
H1665,0.629,556.1,349.7,150.7,3.5,3,0.0,2,1.74,18,88.29
H1666,0.711,538.7,314.3,217.3,3.5,2,0.25,0,2.69,11,82.91
H1667,0.954,548.8,256.8,140.7,7.0,4,0.25,0,4.36,5,72.97
H1668,0.963,658.4,381.1,161.5,3.5,2,0.4,0,2.68,26,78.52
H1669,0.72,534.0,315.3,178.6,7.0,3,0.25,1,3.11,22,98.05
H1670,0.98,637.0,343.4,176.6,3.5,5,0.1,4,4.41,15,61.07
H1671,0.913,561.9,307.4,185.3,3.5,3,0.1,2,1.63,21,69.35
H1672,0.9,527.0,296.1,173.1,3.5,2,0.1,4,4.81,22,67.71
H1673,0.826,546.1,382.4,124.1,7.0,2,0.0,5,4.84,13,80.74
H1674,0.762,539.9,386.4,199.3,7.0,5,0.1,5,2.03,20,94.07
H1675,0.623,779.7,270.2,187.1,3.5,2,0.1,4,2.23,20,90.96
H1676,0.752,708.4,331.7,125.8,7.0,3,0.25,4,3.5,4,100.5
H1677,0.755,702.4,269.1,182.0,7.0,4,0.4,3,4.61,7,92.22
H1678,0.649,803.1,265.2,135.2,7.0,4,0.4,0,1.91,16,111.64
H1679,0.65,678.8,266.6,166.7,3.5,4,0.1,5,2.67,17,85.05
H1680,0.715,789.3,379.8,160.4,7.0,4,0.1,2,4.91,17,102.76
H1681,0.798,706.7,379.2,130.0,3.5,2,0.1,3,4.88,12,84.45
H1682,0.899,646.0,321.4,154.6,3.5,5,0.4,2,3.83,21,72.28
H1683,0.832,720.3,275.7,142.9,7.0,4,0.25,2,2.79,14,91.94
H1684,0.815,641.4,249.3,191.5,7.0,4,0.4,5,2.21,18,90.47
H1685,0.907,570.8,258.3,115.8,7.0,5,0.4,5,4.81,14,77.63
H1686,0.925,530.3,401.7,145.0,7.0,2,0.25,0,3.02,18,82.1
H1687,0.778,786.5,300.9,113.1,3.5,2,0.25,5,4.53,12,88.59
H1688,0.839,622.3,265.4,180.0,7.0,2,0.1,4,4.26,0,81.24
H1689,0.952,761.1,403.6,211.0,3.5,5,0.4,3,2.79,7,82.01
H1690,0.649,642.0,403.2,168.9,7.0,5,0.25,0,1.48,3,110.41
H1691,0.839,533.8,319.2,212.0,3.5,2,0.0,1,2.71,13,68.19
H1692,0.9,678.1,301.6,176.6,3.5,2,0.25,5,4.13,12,70.12
H1693,0.774,540.1,284.4,200.8,3.5,5,0.0,3,4.93,22,63.5
H1694,0.89,728.2,344.1,165.5,7.0,5,0.1,1,2.81,19,93.07
H1695,0.922,629.6,284.9,205.0,7.0,4,0.4,0,4.45,18,77.64
H1696,0.895,749.9,286.7,121.0,3.5,5,0.25,0,2.05,23,78.09
H1697,0.813,544.6,403.9,163.3,3.5,4,0.4,5,4.63,17,72.51
H1698,0.881,521.8,255.2,141.7,3.5,3,0.0,5,2.17,7,61.2
H1699,0.875,550.3,277.3,138.6,7.0,2,0.4,2,2.58,13,82.31
H1700,0.758,791.9,258.4,173.6,3.5,3,0.1,3,3.92,16,80.93
H1701,0.628,595.0,251.3,123.1,7.0,5,0.1,3,4.43,26,86.74
H1702,0.962,687.7,261.9,210.0,3.5,5,0.4,0,1.82,11,73.72
H1703,0.788,629.1,402.4,145.7,7.0,3,0.0,1,3.14,6,90.4
H1704,0.727,577.8,407.1,118.1,3.5,5,0.0,2,3.13,2,79.42
H1705,0.71,560.9,412.5,135.6,7.0,3,0.1,2,4.52,22,89.03
H1706,0.764,689.2,303.7,149.9,7.0,2,0.4,1,3.29,20,91.2
H1707,0.828,650.9,411.7,154.4,7.0,5,0.25,5,2.2,12,99.59
H1708,0.806,797.0,402.7,111.4,3.5,5,0.4,5,1.5,1,97.98
H1709,0.758,758.7,300.3,130.7,3.5,3,0.25,5,2.9,0,88.72
H1710,0.648,755.9,345.3,168.8,3.5,4,0.4,4,1.23,21,94.29
H1711,0.973,533.5,353.4,139.5,7.0,5,0.4,3,4.47,11,77.14
H1712,0.626,647.2,275.2,149.2,7.0,2,0.25,0,2.93,8,98.68
H1713,0.951,515.0,376.7,184.2,3.5,2,0.4,5,3.15,18,62.71
H1714,0.631,764.4,349.8,192.1,3.5,2,0.4,1,2.03,0,97.17
H1715,0.802,589.5,299.9,169.2,7.0,5,0.0,2,4.32,29,82.57
H1716,0.903,640.4,371.3,156.2,7.0,2,0.25,2,4.08,29,89.71
H1717,0.859,583.7,322.3,156.8,3.5,3,0.25,4,1.65,25,80.49
H1718,0.874,540.0,267.1,142.6,3.5,5,0.0,5,4.74,2,61.01
H1719,0.655,796.8,316.9,219.0,3.5,5,0.1,3,2.53,24,89.1
H1720,0.931,681.1,265.0,124.0,3.5,4,0.0,0,1.61,29,73.99
H1721,0.854,649.6,315.1,198.0,3.5,2,0.25,3,1.4,29,81.84
H1722,0.959,743.0,288.0,142.8,7.0,5,0.0,4,3.83,21,84.47
H1723,0.978,658.3,257.3,204.8,3.5,4,0.4,1,1.99,17,64.75
H1724,0.892,763.8,269.6,212.9,3.5,2,0.1,3,3.81,20,75.73
H1725,0.91,753.0,262.5,178.6,7.0,5,0.1,0,3.98,0,91.66
H1726,0.966,520.8,372.6,202.0,3.5,3,0.4,5,1.04,24,67.14
H1727,0.879,658.4,394.0,204.8,3.5,3,0.1,1,4.4,7,76.2
H1728,0.84,524.7,289.1,145.5,3.5,2,0.1,5,4.21,13,71.21
H1729,0.81,628.2,315.8,120.1,3.5,2,0.0,2,2.65,24,78.44
H1730,0.808,623.1,398.8,215.7,3.5,5,0.25,1,3.94,0,77.14
H1731,0.85,749.7,303.0,191.2,3.5,3,0.25,0,3.01,10,78.34
H1732,0.845,581.6,351.6,206.0,3.5,3,0.0,5,3.22,11,66.26
H1733,0.621,687.4,368.2,110.9,7.0,4,0.4,4,1.67,24,109.33
H1734,0.674,651.6,347.4,195.2,3.5,3,0.1,3,3.0,25,85.7
H1735,0.77,757.8,414.1,195.2,7.0,2,0.25,5,1.71,10,108.17
H1736,0.724,753.6,255.7,191.6,3.5,5,0.0,5,4.27,3,79.61
H1737,0.863,533.5,263.4,219.5,3.5,2,0.25,2,1.58,6,69.25
H1738,0.977,749.3,413.7,211.9,3.5,4,0.4,1,3.12,4,78.2
H1739,0.716,558.1,341.7,207.8,3.5,4,0.1,4,4.23,10,73.97
H1740,0.912,708.5,308.7,150.0,3.5,2,0.25,0,4.69,15,72.95
H1741,0.754,533.6,406.0,129.2,3.5,4,0.25,5,3.5,5,77.56
H1742,0.881,537.8,400.6,159.1,3.5,2,0.4,4,2.71,2,77.47
H1743,0.652,790.5,395.9,111.6,7.0,4,0.25,3,2.93,4,106.62
H1744,0.845,767.8,249.9,177.1,3.5,4,0.25,3,4.65,18,75.64
H1745,0.807,648.6,314.7,146.3,3.5,3,0.1,5,4.34,13,71.4
H1746,0.918,575.5,387.3,110.6,7.0,4,0.1,0,3.04,25,87.47
H1747,0.663,580.2,317.2,213.6,3.5,4,0.1,5,4.69,29,80.85
H1748,0.808,599.7,363.2,156.4,7.0,3,0.0,2,2.14,5,87.98
H1749,0.931,617.6,385.7,204.7,3.5,4,0.25,0,1.33,28,74.73
H1750,0.87,534.2,360.6,170.5,7.0,2,0.4,5,4.92,16,77.24
H1751,0.678,610.0,293.0,152.0,7.0,4,0.4,3,4.43,22,90.71
H1752,0.927,528.5,367.8,133.8,7.0,3,0.1,2,3.29,2,81.92
H1753,0.703,530.2,406.2,189.0,3.5,4,0.25,5,1.15,22,91.24
H1754,0.647,769.9,318.1,131.7,7.0,3,0.4,5,3.7,21,106.02
H1755,0.651,714.5,297.9,212.9,7.0,2,0.1,4,3.62,19,104.31
H1756,0.902,738.7,354.8,201.7,7.0,5,0.25,1,1.59,12,97.25
H1757,0.923,715.0,286.6,170.3,7.0,4,0.1,1,1.89,21,89.52
H1758,0.937,606.9,302.3,190.3,7.0,4,0.4,4,2.12,14,84.06
H1759,0.892,710.4,308.8,135.4,7.0,2,0.25,3,4.69,10,90.05
H1760,0.942,773.8,388.3,164.2,3.5,4,0.25,2,1.29,8,83.07
H1761,0.954,787.4,372.4,191.8,3.5,3,0.4,2,1.32,26,82.86
H1762,0.813,635.2,391.5,139.1,3.5,2,0.1,1,2.08,15,82.48
H1763,0.848,774.2,245.6,153.4,7.0,3,0.0,1,2.84,23,87.81
H1764,0.963,733.7,276.1,214.0,3.5,3,0.4,4,2.55,25,71.89
H1765,0.805,577.2,401.2,158.2,7.0,2,0.25,4,2.47,23,94.79
H1766,0.707,680.2,347.2,123.1,7.0,5,0.25,4,3.52,21,102.03
H1767,0.958,597.1,406.8,147.4,7.0,2,0.1,0,2.38,13,84.89
